company,url,title,content,summary
한국경제,https://n.news.naver.com/mnews/article/015/0005058689?sid=104,'손흥민에 인종차별' 발언 대가는…7경기 출전정지에 벌금 1.7억원,"
벤탄쿠르, 7경기 출전정지 중징계



벤탄쿠르(왼쪽)와 손흥민. 사진=REUTERS손흥민에게 인종차별적 발언을 한 잉글랜드 프로축구 프리미어리그(EPL) 토트넘 홋스퍼 미드필더 로드리고 벤탄쿠르가 7경기 출전 정지의 중징계를 받았다. 18일(현지시간) 영국 BBC 등에 따르면 잉글랜드축구협회(FA)는 이날 ""벤탄쿠르는 혐의를 부인했지만 징계위원회는 그가 인종차별 관련 규정을 위반했다고 판단했다""며 7경기 출전 정지와 벌금 10만파운드(약 1억7600만원)를 부과했다. 벤탄쿠르는 지난 6월 자국 우루과이 방송 인터뷰 도중 진행자가 '손흥민의 유니폼을 구해달라'고 요청하자 ""손흥민 사촌 유니폼을 가져다줘도 모를 것이다. 손흥민이나 그의 사촌이나 똑같이 생겼다""고 말했다. 벤탄쿠르가 '동양인은 모두 똑같이 생겼다'는 인식의 인종차별적인 발언을 내뱉었다는 비판이 커지자 벤탄쿠르는 인스타그램을 통해 사과했다. 그러나 그의 사과에도 논란은 가라앉지 않았고, 결국 손흥민이 ""벤탄쿠르와 대화를 나눴다. 벤탄쿠르는 실수했다""며 ""자신의 실수를 인지한 벤탄쿠르가 내게 사과했다""고 알리며 진화에 나섰다. 손흥민이 침묵을 깨자 토트넘도 ""이 문제를 잘 해결하기 위해 노력 중""이라며 ""어떤 종류의 차별도 없어야 한다""는 입장을 냈다.
",손흥민에게 인종차별적 발언을 한 토트넘 홋스퍼 미드필더 로드리고 벤탄쿠르가 7경기 출전 정지의 중징계를 받았다. 벤탄쿠르가 '동양인은 모두 똑같이 생겼다'는 인식의 인종차별적인 발언을 내뱉었다는 비판이 커지자 인스타그램을 통해 사과했으나 논란은 가라앉지 않았고 결국 본인의 실수를 인지한 벤탄쿠르가 내게 사과했다고 알리며 진화에 나섰다.
뉴스1,https://n.news.naver.com/mnews/article/421/0007935415?sid=104,[포토] 교체되며 엔제 포스테코글루 감독 격려 받는 손흥민,"




(런던 AFP=뉴스1) 우동명 기자 = 토트넘의 손흥민이 28일 (현지시간) 런던의 토트넘 홋스퍼 스타디움에서 열린 UEFA 유로파리그(UEL) 리그 페이즈 5차전 AS 로마와 경기 중 교체되며 엔제 포스테코글루 감독의 격려를 받고 있다. 2024.11.29ⓒ AFP=뉴스1
		",토트넘의 손흥민이 28일 UEFA 유로파리그 리그 페이즈 5차전 AS 로마와 경기 중 교체되며 격려를 받고 있다.
파이낸셜뉴스,https://n.news.naver.com/mnews/article/014/0005269732?sid=104,"""걔네 다 똑같이 생겼다"" 손흥민에 인종차별한 대가..벤탄쿠르 '7경기 출전 금지' 확정","




2022 카타르 월드컵 조별리그에서 만난 손흥민(왼쪽)과 로드리고 벤탄쿠르. EPA연합뉴스 [파이낸셜뉴스] 손흥민에게 인종차별 발언을 한 토트넘 로드리고 벤탄쿠르가 7경기 출전 정지와 벌금 10만 파운드(약 1억7650만원)의 중징계를 받았다.   18일(현지시간) 영국 BBC 등에 따르면 잉글랜드축구협회(FA)는 ""벤탄쿠르는 혐의를 부인했지만 징계위원회는 그가 인종차별 관련 규정을 위반했다고 판단했다""고 밝혔다.   벤탄쿠르는 지난 6월 자국 우루과이 방송 인터뷰 도중 진행자에게 '손흥민의 유니폼을 구해달라'는 요청을 받고 ""손흥민 사촌 유니폼은 어떠냐? 어차피 걔네는 다 똑같이 생겼다""고 말했다.   그의 발언은 '동양인은 모두 똑같이 생겼다'는 인식의 인종차별이라고 비난을 받았다.   논란이 커지자 벤탄쿠르는 자신의 SNS에 “그건 매우 나쁜 농담이었다”며 손흥민에게 사과했고, 손흥민도 ""자신의 실수를 인지한 벤탄쿠르가 내게 사과했다. 우리는 형제다""라며 진화에 나섰다.   손흥민은 이후에도 지난 9월 카라바흐와의 유럽축구연맹(UEFA) 유로파리그 첫 경기를 앞두고 “벤탄쿠르의 진심 어린 사과를 받았다. 우리는 모두 인간이고 누구나 실수한다”며 다시 한 번 팀 동료를 감쌌다.   그러나 축구계 인종차별 반대 운동을 벌여온 단체인 ‘킥잇아웃’이 이 사건과 관련한 여러 제보를 토트넘 구단과 당국에 전달하는 등 논란이 확산하자, FA가 징계 절차를 시작했다.   7경기 출전 금지 징계를 받은 벤탄쿠르는 12월 중순까지 경기에 출전할 수 없다. 맨시티, 풀럼, 본머스, 첼시, 사우스햄튼, 리버풀과의 EPL은 물론 맨유와의 카라바오컵 8강전에도 결장한다. #손흥민 #동양인인종차별 #손흥민인종차별 #로드리고벤탄쿠르 #찢은눈  
",잉글랜드축구협회는 벤탄쿠르가 혐의를 부인했지만 징계위원회는 그가 인종차별 관련 규정을 위반했다고 판단해 7경기 출전 정지와 벌금 10만 파운드의 중징계를 받았다.
중앙일보,https://n.news.naver.com/mnews/article/025/0003403180?sid=102,"""합의금 5억 달라"" 손흥민父 고소한 학부모, 다른 사건으로 유죄","
  



손웅정 'SON축구아카데미' 감독. 연합뉴스       국가대표 축구 선수 손흥민(32)의 아버지인 손웅정(62) 'SON축구아카데미' 감독을 아동학대 혐의로 고소하고 합의금 5억원을 요구한 40대 학부모가 다른 사건에서 유죄를 선고받았다.       인천지법 형사항소2-2부(부장 진원두)는 무고와 스토킹 범죄의 처벌 등에 관한 법률 위반 등 혐의로 기소된 40대 남성 A씨에게 1심과 같은 징역 1년 6개월에 집행유예 3년을 선고했다고 26일 밝혔다.       A씨는 2020년 5월 ""이익을 보게 해주겠다고 접근해 손해를 입혔다""며 지인을 허위로 고소한 혐의 등으로 기소됐다. 그는 2021∼2022년 다른 피해자에게 100차례 넘게 온라인 메시지를 보내 스토킹한 혐의도 받았다.       항소심 재판부는 ""피고인이 일부 혐의는 무죄라고 주장했지만 여러 증거를 보면 유죄가 인정된다""며 ""1심 양형이 부당하지도 않다""고 판단했다.       A씨는 지난 3월 자녀가 손 감독과 코치들로부터 학대당했다며 경찰에 고소한 인물이다. 그는 ""손 감독이 일본 오키나와 전지훈련 때 실수했다거나 기본기 훈련을 잘 못한다는 이유로 아이에게 욕설했고, 다른 코치는 코너킥 봉으로 허벅지를 때렸다""고 주장한 것으로 알려졌다.       이후 손 감독에게 '손흥민 선수 이미지 마케팅 하는 비용이 얼만데, 돈이 아까운 것이냐'는 취지로 합의금 5억원을 요구한 것으로 전해졌다.       손 감독은 ""사건 발생 후 고소인 측에 사과의 말씀을 드리고 사태를 원만히 해결하고자 노력했다""면서도 ""다만 고소인 측이 수억원의 합의금을 요구했고, 그 금액은 아카데미가 도저히 수용할 수 없어 안타깝게 합의하지 못했다""고 해명했다.      손 감독은 코치 2명과 함께 아동복지법상 아동학대 혐의로 약식 기소됐고 지난달 벌금 300만원의 약식명령을 받았다.   
",손웅정 'SON축구아카데미' 감독을 아동학대 혐의로 고소하고 합의금 5억원을 요구한 40대 학부모가 다른 사건에서 유죄를 선고받았다. 인천지법 형사항소2-2부는 무고와 스토킹 범죄의 처벌 등에 관한 법률 위반 등 혐의로 기소된 40대 남성 A씨에게 징역 1년 6개월에 집행유예 3년을 선고했다고 밝혔다.
뉴스1,https://n.news.naver.com/mnews/article/421/0007917193?sid=103,"홍명보호, 팔레스타인과 1-1 무…손흥민, '통산 51호골' 황선홍 넘어","
결정력 부족으로 역전골 기회 놓쳐…5연승 무산손흥민, A매치 최다 득점 단독 2위 올라



19일 오후(한국시간) 요르단 암만 국제경기장에서 열린 2026 북중미 월드컵 아시아지역 3차 예선 B조 6차전 팔레스타인과 대한민국의 경기에서 손흥민이 동점골을 터뜨린 뒤 세리머니를 하고 있다.(대한축구협회 제공) 2024.11.19/뉴스1(서울=뉴스1) 이상철 기자 = 홍명보호가 손흥민(토트넘)의 역사적인 A매치 51호골에도 '약체' 팔레스타인과 비기며 월드컵 예선 5연승이 무산됐다. 수비 실수로 먼저 실점하며 실타래가 꼬였고, 이후 일방적인 공세를 퍼붓고도 결정력 부족으로 땅을 쳤다.홍명보 감독이 이끄는 축구대표팀은 19일(한국시간) 요르단 암만 국제경기장에서 열린 2026 국제축구연맹(FIFA) 북중미 월드컵 아시아지역 3차 예선 B조 6차전에서 팔레스타인과 1-1 무승부를 거뒀다.한국은 5연승을 놓쳤으나 6경기 연속 무패(4승2무·승점 14) 행진을 이어가며 B조 단독 선두 자리를 유지했다. 다만 팔레스타인과 두 차례 맞붙어 모두 무승부를 거뒀다. 지난 9월 5일 맞대결에서는 0-0으로 비긴 바 있다.팔레스타인은 3무 3패(승점 3)로 6경기째 승전고를 울리지 못했으나, 조 최강 한국을 상대로 한 번도 지지 않았다.손흥민은 A매치 51번째 골을 기록, 황선홍(50골)을 넘어 한국 축구 남자 A매치 최다 득점 2위에 오르는 새 역사를 썼다. 1위는 58골을 터뜨린 차범근이다.아울러 손흥민은 올해 A매치(13경기)에서만 10골을 몰아치며 개인 한 해 A매치 최다 득점 기록을 작성했다.올해 A매치 일정을 모두 소화한 한국은 내년 3월 오만, 요르단을 상대로 홈 2연전을 펼칠 예정이다.



19일 오후(현지시간) 요르단 암만 국제경기장에서 열린 2026 북중미 월드컵 아시아지역 3차 예선 B조 6차전 팔레스타인과 대한민국의 경기에서 팔레스타인 자이드 쿤바르가 선취점을 거둔 뒤 동료들과 함께 기뻐하고 있다.(대한축구협회 제공) 2024.11.20/뉴스1한국은 전반 12분 수비 실수로 먼저 골을 허용했다. '수비의 핵' 김민재가 조현우(울산) 골키퍼에게 전달하려던 백패스가 짧았고, 자이드 쿤바르가 이를 슬라이딩으로 가로챈 뒤 한국의 빈 골문 안으로 차 넣었다.선제 실점은 홍명보 감독이 지난 7월 대표팀 지휘봉을 잡은 뒤 6경기 만에 처음이다.일격을 당했지만 태극전사는 흔들리지 않았고, 4분 만에 1-1 균형을 맞췄다. 전반 16분 이재성(마인츠)과 짧은 패스를 주고받은 손흥민이 페널티 박스 왼쪽에서 반대편 골문으로 정교한 오른발 슈팅을 때려 득점했다.흐름을 바꾼 한국은 일방적으로 공세를 퍼부었으나 결정력이 부족했다.전반 20분 황인범(페예노르트)의 왼발 중거리 슈팅과 전반 24분 오세훈(마치다 젤비아)의 헤더 슈팅이 골문을 빗나갔다. 손흥민은 전반 37분과 전반 44분 날카로운 슈팅을 때렸으나 팔레스타인 골키퍼의 선방에 막혀 아쉬움을 삼켰다.



19일 오후(한국시간) 요르단 암만 국제경기장에서 열린 2026 북중미 월드컵 아시아지역 3차 예선 B조 6차전 팔레스타인과 대한민국의 경기에서 손흥민이 동점골을 성공시킨 뒤 이재성과 기쁨을 나누고 있다.(대한축구협회 제공) 2024.11.19/뉴스1후반전 들어서도 경기 흐름은 바뀌지 않았다. 한국이 계속 공세를 펼쳤고, 팔레스타인은 수비를 두껍게 하며 버티는 데 집중했다.역전 골은 쉽사리 터지지 않았다. 손흥민이 후반 3분 수비수 두 명을 따돌린 뒤 때린 오른발 슈팅은 골키퍼 선방에 걸렸고, 후반 7분 오세훈의 헤더 패스를 받은 황인범의 슈팅은 골문 위로 떴다. 후반 12분 손흥민과 이강인이 상대의 허를 찌르는 약속된 플레이로 슈팅까지 시도했으나 골로 연결되지 않았다.안정감이 떨어지던 수비는 또 흔들렸다. 후반 25분 팔레스타인의 패스 플레이에 중앙 수비가 허물어졌는데, 다행히 오데이 다바그의 슈팅이 골문을 벗어났다. 한국으로선 천만다행이었던 순간이었다.답답한 흐름이 이어지자, 홍 감독은 주민규(울산)와 오현규(헹크), 배준호(스토크 시티)를 교체 카드로 투입하며 공격진에 변화를 줬다.



19일 오후(현지시간) 요르단 암만 국제경기장에서 열린 2026 북중미 월드컵 아시아지역 3차 예선 B조 6차전 팔레스타인과 대한민국의 경기에서 김민재가 상대 골문 앞에서 몸싸움을 벌이고 있다.(대한축구협회 제공) 2024.11.20/뉴스1후반 36분에는 득점이 취소되기까지 했다. 황인범의 장거리 패스를 받은 손흥민이 골키퍼 다리 사이로 왼발 슈팅, 득점했으나 간발의 차로 오프사이드가 선언됐다.이후 한국은 헛심 공방만 펼쳤고, 결국 올해 마지막 A매치에서 승리라는 유종의 미를 거두는 데 실패했다.
		",홍명보 감독이 이끄는 축구대표팀은 19일(한국시간) 요르단 암만 국제경기장에서 열린 2026 국제축구연맹(FIFA) 북중미 월드컵 아시아지역 3차 예선 B조 6차전에서 한국은 5연승을 놓쳤으나 6경기 연속 무패(4승2무·승점 14) 행진을 이어가며 B조 단독 선두 자리를 유지했다.
데일리안,https://n.news.naver.com/mnews/article/119/0002896713?sid=102,"""합의금 5억 달라"" 손흥민 아버지 고소한 40대…2심도 징역형 집행유예","
인천지법, 징역 1년 6개월 집행유예 3년 선고…스토킹 및 무고 혐의""형량 지나치게 무겁거나 가볍다고 보기 어려워…원심 충분히 고려한 듯""



손웅정 감독.ⓒ연합뉴스[데일리안 = 박상우 기자] 축구 국가대표팀 주장 손흥민의 부친 손웅정 감독을 아동학대 혐의로 고소하고 합의금 5억원을 요구한 40대 남성이 항소심에서도 징역형의 집행유예를 선고받았다.26일 조선일보에 따르면 인천지법 제2-2형사부(재판장 진원두)는 지난 15일 스토킹·무고 혐의로 기소된 A씨에게 징역 1년 6개월에 집행유예 3년을 선고했다.재판부는 ""피고인과 검사가 주장하는 양형 부당 사유는 원심이 충분히 고려한 사정들로 보인다""며 ""원심 형량이 지나치게 무겁거나 가볍다고 보기 어렵다""고 판시했다.A씨는 지난 3월 자신의 아들이 손 감독에게 심한 욕설과 폭언을 듣고 목덜미를 붙잡힌 채 밀쳐지는 등의 학대를 당했다며 손 감독을 아동학대 혐의로 고소했다. 이후 '손흥민 선수 이미지 마케팅 하는 비용이 얼만데, 돈이 아까운 것이냐'는 취지로 손 감독에게 합의금 5억원을 요구한 것으로 전해졌다.손 감독 등에 대한 아동학대 혐의 사건에 대해 검찰은 지난 8월 약식기소했다. 그러나 아카데미 운영에 영향을 미칠 수 있는 아동 관련 기관 취업 제한 명령은 요청하지 않았다.약식명령은 혐의가 비교적 가벼운 사인에서 서면 심리만으로 벌금이나 과태료 등을 부과하는 절차다. 손 감독 등이 해당 판결에 불복할 경우 명령을 고지받은 날로부터 7일 이내 정식 재판을 청구할 수 있다.한편 A씨는 이번 사건과 별도로, 과거에도 스토킹 및 무고 혐의로도 유죄 판결을 받은 것으로 전해졌다. 그는 지난 2016년 도박 혐의로 본인의 계좌가 압류될 위기에 처하자 지인 B씨의 계좌에 자금을 입금하는 방식으로 인터넷 도박을 한 후 ""B씨에게 계좌이체 등 방법으로 손해를 입었다""는 허위 고소장을 작성한 혐의(무고)를 받는다.또한, A씨는 다른 피해자에 대해 2021년 11월부터 2022년 6월까지 103회에 걸쳐 ""없는 얘기 지어내서 사람 깐족거리지 마셔라"" ""경찰 조사나 잘 받으시고 죄를 지었으면 벌 받으시라. 죄가 없다면 처벌 받지 않으시겠다"" 등 SNS 메시지를 보내는 방식으로 스토킹한 혐의도 받고 있다. 이 같은 혐의로 A씨는 지난해 10월 1심에서 징역 1년 6개월에 집행유예 3년을 선고 받았다.
		",인천지법 제2-2형사부는 축구 국가대표팀 주장 손웅정 감독을 아동학대 혐의로 고소하고 합의금 5억원을 요구한 40대 남성에게 징역 1년 6개월에 집행유예 3년을 선고했다.
매일경제,https://n.news.naver.com/mnews/article/009/0005400972?sid=104,“EPL·세리에A 득점왕이 한팀에”...손흥민 튀르키예 갈라타사라이 이적설,"




 손흥민이 유로로파리그에서 갈라타사라이와 경기하고 있다. 이날 갈라타사라이가 토트넘을 3-2로 제압했다. 연합뉴스토트넘 훗스퍼에서 뛰고 있는 손흥민이 튀르키예 명문팀 갈라타사라이로 이적할 것이란 보도가 주목받고 있다.20일(현지시간) 튀르키예 매체 파나틱은 20일 이탈리아 세리에A 득점왕 출신 오시멘 영입으로 전 세계의 이목을 끌었던 갈라타사라이가 다시 한번 대형 영입을 꿈꾸고 있다며 손흥민 영입설을 보도했다.같은날 영국 더하드태클도 영입설에 힘을 실었다. 이 매체는 “갈라타사라이가 손흥민 영입을 노리고 있다”며 “곧 토트넘과의 협상 일정을 조율할 것”이라고 전했다.이 매체는 토트넘은 유럽축구연맹(UEFA) 챔피언스리그 출전 티켓 획득을 노리고 있기 때문에 손흥민 이적제안을 받아들일 가능성이 낮다고 내다봤지만 갈라타사라이는 내년 여름이적시장까지 영입을 위한 노력을 이어갈 것이라고도 했다.갈라타사라이는 튀르키예 수퍼리그에서 24차례나 우승했다. 지난 2000년에는 UEFA컵 우승을 차지하기도 했다. 갈라타사라이는 이카르디, 오시멘 등 유럽 5대리그에서 경쟁력을 증명했던 공격진을 보유하고 있으며 최근 유로파리그에서 토트넘을 3-2로 제압한 바 있다. 이날 부상 회복 중이던 손흥민은 전반을 소화했지만 이렇다 할 공격포인트를 올리진 못했다.
",튀르키예 매체 파나틱은 20일 이탈리아 세리에A 득점왕 출신 오시멘 영입으로 전 세계의 이목을 끌었던 갈라타사라이가 대형 영입을 꿈꾸고 있다며 손흥민 영입설을 보도했다.
뉴스1,https://n.news.naver.com/mnews/article/421/0007935410?sid=104,[포토] AS 로마 전서 질풍 드리블하는 토트넘의 손흥민,"




(런던 AFP=뉴스1) 우동명 기자 = 토트넘의 손흥민이 28일 (현지시간) 런던의 토트넘 홋스퍼 스타디움에서 열린 UEFA 유로파리그(UEL) 리그 페이즈 5차전 AS 로마와 경기서 드리블을 하고 있다. 2024.11.29ⓒ AFP=뉴스1
		",토트넘의 손흥민이 28일 UEFA 유로파리그 리그 페이즈 5차전 AS 로마와 경기서 드리블을 하고 있다.
서울신문,https://n.news.naver.com/mnews/article/081/0003497730?sid=104,"“메시, 호날두 다음으로 뛰어난 선수”…손흥민에 극찬 쏟아진 이유는?","




지난 19일 오후(현지시간) 요르단 암만 국제경기장에서 열린 2026 북중미 월드컵 아시아 3차 예선 B조 한국과 팔레스타인의 경기. 한국의 손흥민이 동점골을 넣은 뒤 찰칵 세리머니를 하고 있다. 손흥민은 이 골로 황선홍을 넘어 역대 A매치 득점 단독 2위로 올라섰다.  2024.11.20 연합뉴스한국 축구 국가대표 공격수 손흥민(32·토트넘)이 팔레스타인과의 경기 후 인터뷰에서 “열심히 뛰는 팔레스타인 선수들을 보며 배울 점이 많았다”고 인터뷰를 한 가운데 현지 누리꾼들 사이에서 손흥민에 대한 칭찬이 쏟아지고 있다.22일(현지시간) 여러 중동 매체는 지난 19일 요르단 암만 국제경기장에서 열린 2026 국제축구연맹(FIFA) 북중미 월드컵 아시아지역 3차 예선 6차전에서 이뤄진 한국과 팔레스타인의 경기 후 손흥민의 인터뷰를 보도했다. 이날 경기는 1-1 무승부로 끝났다.손흥민은 경기 후 방송 인터뷰에서 “우리 스스로 경기를 어렵게 풀었다. 이기지 못해 아쉽다”고 소감을 전한 뒤 “팔레스타인 선수들이 (전쟁으로) 어려운 상황에서도 끝까지 열심히 하는 모습을 보며 배울 점이 많았다. 박수를 보내고 싶다”며 상대를 존중하는 모습을 보였다.팔레스타인은 이스라엘과의 전쟁으로 국토가 화마에 휩싸여 있다. 팔레스타인 축구대표팀 역시 주축 대부분이 소속 팀도 없이 훈련하는 등 힘든 상황을 겪고 있다. 이날 경기 역시 홈 경기 일정임에도 전쟁을 피해 중립지인 요르단에서 치러야만 했다.하지만 FIFA 랭킹 100위의 팔레스타인은 객관적 열세가 예상된 랭킹 22위 한국과의 대결에서 무승부로 선전했다. 팔레스타인은 서울에서 열린 1차전에서도 0-0으로 무승부를 거뒀다.



지난 19일 오후(현지시간) 요르단 암만 국제경기장에서 열린 2026 북중미 월드컵 아시아 3차 예선 B조 한국과 팔레스타인의 경기. 한국의 손흥민과 김민재가 한국 축구대표팀 선수들이 팔레스타인과 1대1로 경기를 마친 뒤 굳은 표정으로 응원단 석으로 향하고 있다. 2024.11.20 연합뉴스손흥민의 인터뷰를 접한 현지 누리꾼들은 “메시, 호날두 다음으로 뛰어난 선수”, “손흥민은 정말 예의 바른 선수다”, “사랑한다, 손흥민” 등의 뜨거운 반응을 보였다.홍명보 감독이 이끄는 한국은 월드컵 3차 예선 B조에서 4승2무(승점 14)로 선두를 달리고 있다. 팔레스타인은 3무3패로(승점 3) 최하위인 6위에 자리해 있다.한편 최근 잉글랜드축구협회(FA)는 손흥민에게 인종차별적 발언을 한 우루과이 출신 토트넘 미드필더 로드리고 벤탄쿠르에게 출전 정지 징계를 내렸다.앞서 벤탄쿠르는 지난 7월 자국 방송 프로그램에 출연, 진행자로부터 ‘손흥민의 유니폼을 구해달라’는 요청을 받자 “손흥민 사촌 유니폼을 가져다줘도 모를 것이다. 손흥민이나 그의 사촌이나 똑같이 생겼다”라고 답해 논란이 됐다.벤탄쿠르를 향한 비난이 거세지자 손흥민은 “그는 나에게 긴 메시지를 보냈고 진심이 느껴졌다”며 “난 벤탄쿠르를 사랑한다. 우리는 좋은 추억이 많다”고 그를 옹호했다.



손흥민에게 인종차별적 농담을 한 토트넘(잉글랜드) 동료 로드리고 벤탕쿠르가 사회관계망서비스(SNS)에  올린 두 번째 사과문. 연합뉴스그렇게 상황은 일단락되는 듯했으나, 지난 18일 FA가 벤탄쿠르에게 해당 건으로 리그 7경기 출장 금지와 함께 벌금 10만 파운드(1억 7650만원)의 징계를 내렸다. 주축 미드필더가 무려 7경기나 뛸 수 없게 되자, 토트넘은 FA 측에 항소를 신청했다.토트넘홋스퍼의 엔제 포스테코글루 감독도 힘을 보탰다. 포스테코글루 감독은 “벤탄쿠르는 자기 잘못을 알고 어떤 징계도 받아들일 준비가 돼 있었다”면서도 “그는 정말 뛰어난 사람이고 좋은 팀원이다. 실수를 저지르긴 했으나 최고의 인성을 가진 선수”라고 옹호했다.
		",요르단 암만 국제경기장에서 열린 2026 북중미 월드컵 아시아 3차 예선 B조 한국과 팔레스타인의 경기 후 손흥민이 인터뷰에서 열심히 뛰는 팔레스타인 선수들을 보며 배울 점이 많았다고 인터뷰하자 누리꾼들 사이에서 칭찬이 쏟아지고 있다.
MBN,https://n.news.naver.com/mnews/article/057/0001854579?sid=104,'손흥민 인종차별' 벤탕쿠르 벌금폭탄에 출전정지까지,"
FA ""벤탕쿠르 혐의 부인했지만 경기 평판 나쁘게 해""지난 6월 자국 방송서 '동양인 인종차별' 발언손흥민에게 인종차별적 발언을 해 논란을 일으킨 토트넘 미드필더 로드리고 벤탕쿠르가 7경기 출전 정지와 함께 벌금 1만 파운드(약 1억 8,000만 원)의 징계를 받았습니다.



토트넘의 로드리고 벤탕쿠르. / 사진=EPA 연합뉴스 자료잉글랜드축구협회(FA)는 현지시각 18일 성명을 통해 ""벤탕쿠르가 부적절한 태도로 행동하거나 학대 또는 모욕적인 말을 사용해 경기의 평판을 나쁘게 함으로써 FA 규정을 위반했다""면서 이 같은 징계를 내렸다고 밝혔습니다.이어 ""벤탕쿠르는 혐의를 부인했지만, 독립 규제위원회는 청문회를 거쳐 혐의가 입증됐다고 판단해 제재를 부과한다""고 덧붙였습니다.우루과이 출신의 벤탕쿠르는 지난 6월 자국 방송 프로그램에 출연해 손흥민과 관련된 발언으로 논란을 빚었습니다.진행자로부터 '손흥민의 유니폼을 구해달라'는 요청을 받은 벤탕쿠르는 ""손흥민 사촌 유니폼을 가져다줘도 모를 것이다. 손흥민이나 그의 사촌이나 똑같이 생겼다""라고 말했습니다.'동양인은 모두 똑같이 생겼다'는 인종차별적 인식이 드러난 발언이었습니다.팬들의 비난이 이어지자, 벤탕쿠르는 자신의 소셜미디어(SNS)를 통해 손흥민에게 사과의 글을 남겼습니다.손흥민이 벤탕쿠르의 사과를 받아들이는 내용의 SNS 글을 올렸으나 축구계 인종차별 반대 운동을 단체인 '킥잇아웃'이 이 사건과 관련한 여러 제보를 토트넘 구단과 당국에 전달하는 등 논란이 확산하면서 FA는 지난 9월 징계 절차에 들어갔습니다.현재 토트넘은 2024-2025시즌 잉글랜드 프리미어리그(EPL)에서 현재 5승 1무 5패로 10위에 처져 반등이 시급한 가운데 주축 미드필더 벤탕쿠르의 징계로 더 큰 부담을 안게 됐습니다.이번 주말 맨체스터 시티와 프리미어리그 원정경기를 시작으로 경기 일정이 빡빡한 연말의 박싱 데이 직전까지 벤탕쿠르 없이 버텨야 합니다.다만 이번 FA 징계가 자국 경기단체 주관 경기에만 적용돼 벤탕쿠르는 오는 28일 AS로마(이탈리아)와의 유럽축구연맹(UEFA) 유로파리그 홈 경기에는 나설 수 있습니다.
",손흥민에게 인종차별적 발언을 해 논란을 일으킨 토트넘 미드필더 벤탕쿠르가 7경기 출전 정지와 함께 벌금 1만 파운드의 징계를 받았다. 벤탕쿠르는 혐의를 부인했지만 독립 규제위원회는 청문회를 거쳐 혐의가 입증됐다고 판단해 제재를 부과한다고 덧붙였다. 현재 토트넘은 반등이 시급한 가운데 주축 미드필더 벤탕쿠르의 징계로 더 큰 부담을 안게 됐다. 이번 주말 맨체스터 시티와 프리미어리그 원정경기를 시작으로 연말의 박싱 데이 직전까지 벤탕쿠르 없이 버텨야 한다. 다만 이번 FA 징계가 자국 경기단체 주관 경기에만 적용돼 벤탕쿠르는 오는 28일 AS로마와의 유럽축구연맹 유로파리그 홈 경기에는 나설 수 있다.
조선일보,https://n.news.naver.com/mnews/article/023/0003871214?sid=104,‘손흥민 인종차별’ 선수의 최후…7경기 출전정지에 벌금 1.7억원,"




토트넘홋스퍼의 미드필더 로드리고 벤탄쿠르와 주장 손흥민. /로이터 연합뉴스										주장 손흥민(32)에게 인종차별 발언을 한 토트넘홋스퍼의 미드필더 로드리고 벤탄쿠르(27)가 7경기 출전 정지의 중징계를 받았다.18일(현지시각) 잉글랜드축구협회(FA)는 벤탄쿠르에게 7경기 출전정지, 벌금 10만 파운드(약 1억7660만원)를 부과한다고 밝혔다.협회 측은 “벤탄쿠르는 혐의를 부인했지만 징계위원회는 그가 인종차별 관련 규정을 위반했다고 판단해 이러한 징계를 내렸다”고 전했다.이번 징계는 잉글랜드 리그 주관 경기에 한해 적용된다. 벤탄쿠르는 오는 24일 열리는 잉글랜드 프리미어리그(EPL) 맨체스터 시티와의 경기부터 출전할 수 없다.BBC는 “벤탄쿠르는 12월26일까지 잉글랜드 경기에 복귀할 수 없다”며 “맨체스터 시티, 리버풀, 첼시 등과의 프리미어리그 경기와 맨체스터 유나이티드와의 스퍼스 리그컵 8강전에도 출전하지 못할 예정“이라고 전했다. 다만 ” 토트넘의 유로파 리그 경기에는 출전할 수 있을 것”이라고 했다.벤탄쿠르는 앞서 지난 6월 고향 우루과이에서 방송 인터뷰에 나섰다가 문제의 발언을 했다. 당시 진행자가 ‘손흥민의 유니폼을 구해달라’고 요청하자 “손흥민 사촌 유니폼을 가져다줘도 모를 것이다. 손흥민이나 그의 사촌이나 똑같이 생겼다”라고 답했다가 뭇매를 맞았다. 이는 해외에서 전형적인 인종차별적 발언으로 인식된다.해당 방송 직후 온라인상에서 강도 높은 비난이 이어지자 벤탄쿠르는 자신의 인스타그램을 통해 사과했다. 그는 “쏘니 형제여, 지금 일어난 일에 대해 사과할게. 정말 나쁜 농담이었어. 내가 널 얼마나 사랑하는지 알지? 절대 너를 무시하거나 상처주려고 했던 게 아니었어. 사랑해, 형제여”라고 썼다.그럼에도 논란이 가라앉지 않자 손흥민까지 나서 “벤탄쿠르와 대화를 나눴다. 벤탄쿠르는 실수했다. 자신의 실수를 인지한 벤탄쿠르가 내게 사과했다”고 밝히며 사태 진화에 나섰다. 그는 “벤탄쿠르가 불쾌감을 주기 위해 말한 의도는 아니었다. 우린 형제다. 그리고 변한 것은 아무 것도 없다”며 “지나간 일이고, 우린 하나다. 프리시즌에 다시 만나 팀에서 하나로 뭉쳐 싸울 것”이라고 했다.
",손흥민에게 인종차별 발언을 한 토트넘홋스퍼의 미드필더 로드리고 벤탄쿠르가 7경기 출전 정지의 중징계를 받았으나 협회 측은 혐의를 부인했지만 징계위원회는 그가 인종차별 관련 규정을 위반했다고 판단해 이러한 징계를 내렸다고 전했다.
매일신문,https://n.news.naver.com/mnews/article/088/0000916973?sid=102,"""합의금 5억"" 손흥민 父 고소한 학부모…스토킹·무고 등 혐의로 '유죄'","
인천지법, 징역 1년6개월에 집행유예 3년 선고인터넷 도박 후 지인 상대로 허위 고소장 작성 등손웅정 감독, 아동학대 혐의로 경찰 고소 인물



손웅정 SON축구아카데미 감독이 26일 서울 강남구 코엑스에서 열린 서울국제도서전에서 한 출판사가 주관한 작가사인회에 참석해 있다. 연합뉴스국가대표 축구선수 손흥민 씨의 아버치 손웅정 SON축구아카데미 감독을 아동학대 혐의로 고소하고 합의금 5억원을 요구한 40대 남성이 항소심 재판에서 스토킹, 무고 등의 혐의로 유죄 판결을 받은 사실이 뒤늦게 알려졌다.26일 조선일보에 따르면 인천지법 제2-2형사부(재판장 진원두)는 지난 15일 스토킹·무고 혐의로 기소된 A씨에게 1심과 같은 징역 1년 6개월에 집행유예 3년을 선고했다.A씨는 지난 2016년 도박 혐의로 자신의 계좌가 압류될 위기에 처하자 지인 B씨의 계좌에 자금을 입금하는 방식으로 인터넷 도박을 한 후 ""B씨에게 계좌이체 등 방법으로 손해를 입었다""는 허위 고소장을 작성한 혐의로 재판에 넘겨진 것으로 알려졌다.아울러 다른 피해자에게 2021년 11월부터 2022년 6월까지 103회에 걸쳐 SNS 메시지를 보내는 방식으로 스토킹한 혐의도 받고 있다.이에 1심 재판부는 ""피고인은 지속적 또는 반복적으로 피해자의 의사에 반해 정당한 이유 없이 정보통신망을 이용하여 글·그림 등에 도달하게 해 피해자에게 불안감 또는 공포심을 일으키는 스토킹 행위를 했다""고 판결 이유를 설명했다.A씨는 앞서 SON축구아카데미에 다니는 아들이 지도자에게서 욕설과 폭언 등 정신적 학대는 물론 폭행과 얼차려 등 신체적 학대를 받았다며 경찰에 고소한 인물로 전해졌다.고소장에 따르면 A씨 아들은 함께 경기한 선수들이 졌다는 이유로 20초 안에 골대에서 중앙선까지 뛰어오라는 지시를 받았고 이를 제대로 수행하지 못하자 코치에게 엎드린 자세로 엉덩이를 코너킥 봉으로 맞았다고 진술했다.또 지난 3월 오키나와 전지훈련 기간 훈련 중 실수했다는 이유로 손 감독에게서 욕설을 듣고 숙소에서는 코치들이 엉덩이와 종아리를 수차례 때리거나 구레나룻을 잡아당기고 머리 부위를 가격했다고 말했다.당시 손웅정 감독 측은 ""마음의 상처를 받은 아이와 그 가족분들께 깊은 사과의 뜻을 전한다""며 ""다만 고소인의 주장 사실은 진실과 다른 부분이 많다. 아카데미 지도자들의 행동에 있어서 아이들에 대한 사랑이 전제되지 않은 언행은 결코 없었다""고 혐의를 부인했다.아울러 이 과정에서 A씨는 손 감독 측에 5억원의 합의금을 요구한 사실이 알려졌다.당시 공개된 녹취록에 따르면 A씨는 손 감독 측 법률대리인인 김형우 법무법인 명륜 변호사에게 ""저도 변호사를 (선임)해서 얘기할 것 아니냐며 ""(변호사가 합의금으로) '20억이든 불러요. 최소 5억 밑으로는 하지 마세요'라고 했다. 진짜다""라고 말했다.그러면서 ""만약 세상에 안 알리고 좋게 한다고 그러면, 솔직하게 얘기해서 지금은 돈뿐이 없지 않냐""며 ""저는 (돈을) 조금 받고는 절대 (합의)할 생각 없다. 다 비밀로 해야 한다고 하면 5억 이상은 받아야 된다고 생각한다""고 합의금에 대한 의견을 밝혔다.한편 손 감독 등에 대한 아동학대 혐의 사건에 대해 검찰은 지난 8월 약식기소했다.
","손웅정 SON축구아카데미 감독을 아동학대 혐의로 고소하고 합의금 5억원을 요구한 40대 남성이 항소심 재판에서 스토킹, 무고 등의 혐의로 유죄 판결을 받은 사실이 뒤늦게 알려졌다. A 씨는 지난 2016년 도박 혐의로 자신의 계좌가 압류될 위기에 처하자 지인 B씨의 계좌에 자금을 입금하는 방식으로 인터넷 도박을 한 후 ""B씨에게 계좌이체 등 방법으로 손해를 입었다""는 허위 고소장을 작성한 혐의로 재판에 넘겨진 것으로 알려졌다."
헤럴드경제,https://n.news.naver.com/mnews/article/016/0002392870?sid=102,“합의금 5억 달라”더니…손흥민父 고소한 학부모의 최후,"




손웅정 SON축구아카데미 감독. [연합][헤럴드경제=민성기 기자] 국가대표 축구선수 손흥민(32)씨의 부친 손웅정(62) SON축구아카데미 감독을 아동학대 혐의로 고소하고 합의금 5억원을 요구한 남성 A(44)씨가 스토킹 및 무고 혐의로 항소심에서도 징역형의 집행유예를 선고받은 사실이 뒤늦게 알려졌다.조선일보에 따르면 인천지법 제2-2형사부(재판장 진원두)는 지난 15일 스토킹·무고 혐의로 기소된 A씨에게 징역 1년 6개월에 집행유예 3년을 선고했다. 이는 1심과 동일한 형량이다.재판부는 “피고인과 검사가 주장하는 양형 부당 사유는 원심이 충분히 고려한 사정들로 보인다”며 “원심 형량이 지나치게 무겁거나 가볍다고 보기 어렵다”고 판결 이유를 밝혔다.A씨는 지난 3월 자신의 아들 B군이 손웅정 감독에게 심한 욕설과 폭언을 듣고 목덜미를 붙잡힌 채 밀쳐지는 등의 학대를 당했다며 손 감독을 아동학대 혐의로 고소했다.손웅정 감독 측은 당시 입장문을 통해 “마음의 상처를 받은 아이와 그 가족분들께 깊은 사과의 뜻을 전한다.다만 고소인의 주장 사실은 진실과는 다른 부분이 많다”며 “제 모든 것을 걸고 맹세컨대 아카데미 지도자들의 행동에 있어서 아이들에 대한 사랑이 전제되지 않은 언행은 결코 없었다”고 혐의를 부인했다.이 과정에서 A씨가 손 감독 측에 5억원의 합의금을 요구한 사실이 알려졌다.A씨는 손 감독에게 “손흥민 선수 이미지 마케팅 비용이 얼마나 드는데, 돈이 아깝냐”는 취지로 5억 원의 합의금을 요구한 것으로 전해졌다.손 감독 등에 대한 아동학대 혐의 사건에 대해 검찰은 지난 8월 약식기소했다. 그러나 아카데미 운영에 영향을 미칠 수 있는 아동 관련 기관 취업 제한 명령은 요청하지 않았다.약식명령은 혐의가 비교적 가벼운 사인에서 서면 심리만으로 벌금이나 과태료 등을 부과하는 절차다. 손 감독 등이 해당 판결에 불복할 경우 명령을 고지받은 날로부터 7일 이내 정식 재판을 청구할 수 있다.한편 A씨는 이번 사건과 별도로, 과거의 스토킹 및 무고 혐의로도 유죄 판결을 받았다.그는 2016년 도박 혐의로 자신의 계좌가 압류될 위기에 처하자 지인 C씨 계좌를 이용해 인터넷 도박을 했다. 이후 C씨에게 계좌이체 등으로 손해를 입었다는 허위 고소장을 제출해 무고 혐의로 기소됐다.A씨는 2021년 11월부터 2022년 6월까지 다른 피해자에게 SNS 메시지를 103회에 걸쳐 보내며 스토킹한 혐의도 받고 있다.1심 재판부는 A씨에게 징역 1년 6개월에 집행유예 3년을 선고하며 보호관찰, 120시간의 사회봉사, 40시간의 스토킹 예방 강의 수강을 명령했다.재판부는 “피고인은 지속적이고 반복적으로 피해자의 의사에 반해 정당한 이유 없이 정보통신망을 이용해 불안감과 공포심을 유발했다”고 지적했다.
",인천지법 제2-2형사부는 지난 15일 국가대표 축구선수 손웅정 SON축구아카데미 감독을 아동학대 혐의로 고소하고 합의금 5억원을 요구한 남성 A씨에게 징역 1년 6개월에 집행유예 3년을 선고했다.
뉴스1,https://n.news.naver.com/mnews/article/421/0007935416?sid=104,[포토] AS 로마 전서 올 시즌 UEL 첫 골 터트린 손흥민,"




(런던 AFP=뉴스1) 우동명 기자 = 토트넘의 손흥민이 28일 (현지시간) 런던의 토트넘 홋스퍼 스타디움에서 열린 UEFA 유로파리그(UEL) 리그 페이즈 5차전 AS 로마와 경기서 올 시즌 UEL 첫 골을 터트린 뒤 숨을 고르고 있다. 2024.11.29ⓒ AFP=뉴스1
		",토트넘의 손흥민이 28일 UEFA 유로파리그 리그 페이즈 5차전 AS 로마와 경기서 올 시즌 첫 골을 터트린 뒤 숨을 고르고 있다.
동아일보,https://n.news.naver.com/mnews/article/020/0003599119?sid=104,"A매치 득점 2위-한해 최다골, 손흥민 활약에도…팔레스타인에 또 무승부","




19일 오후(한국시간) 요르단 암만 국제경기장에서 열린 2026 북중미 월드컵 아시아지역 3차 예선 B조 6차전 팔레스타인과 대한민국의 경기에서 손흥민이 동점골을 터뜨린 뒤 세리머니를 하고 있다. 대한축구협회 제공한국 축구대표팀이 올해 마지막 A매치였던 2026 북중미 월드컵 아시아 3차 예선 팔레스타인과의 경기에서 무승부를 기록했다.한국은 19일 오후 11시 요르단 암만에서 킥오프한 팔레스타인과의 아시아 3차 예선 6차전에서 1-1로 비겼다. 이로써 한국은 4승 2무, 승점 14가 되면서 3차 예선 B조 1위로 올해 경기를 모두 마쳤다. 한국은 9월 5일 팔레스타인과의 안방 경기에서도 0-0으로 비겼다.한국은 전반 12분 먼저 실점했다. 수비수 김민재가 골키퍼 조현우에게 보낸 백패스 실수로 상대 자이드 쿤바르에게 골을 내줬다. 한국은 실점 4분 만인 전반 16분 동점 골을 만들었다. 주장 손흥민이 페널티박스 안에서 오른발 슛으로 상대 골문을 뚫었다. 손흥민과 1992년생 동갑내기 친구인 이재성이 도움을 기록했다. 



19일 오후(현지시각) 요르단 암만 국제 경기장에서 열린 2026 국제축구연맹(FIFA) 북중미 월드컵 아시아 3차 예선 B조 6차전 한국과 팔레스타인의 경기 후반전, 한국 손흥민이 돌파를 하고 있다. 암만=뉴시스손흥민은 A매치 통산 51호 골을 기록하면서 황선홍 대전 감독(통산 50골)을 밀어내고 이 부문에서 한국 선수 단독 2위가 됐다. 1위는 58골을 넣은 차범근 전 축구대표팀 감독이다. 손흥민은 올해 A매치에서 모두 10골을 넣어 이 부문 개인 최다 기록을 새로 썼다. 종전 최고 기록은 2015년의 9골이다. 한국은 후반 들어 상대를 세차게 밀어붙이며 상대 골문을 두드렸지만 추가 득점에 실패했다. 홍명보 축구대표팀 감독은 후반 19분 주민규, 27분엔 배준호와 오현규를 투입하며 역전 골을 노렸지만 끝내 상대 골문을 뚫지는 못했다. 



19일 오후(현지시각) 요르단 암만 국제 경기장에서 열린 2026 국제축구연맹(FIFA) 북중미 월드컵 아시아 3차 예선 B조 6차전 한국과 팔레스타인의 경기 후반전, 한국 홍명보 감독이 심판에게 항의를 하고 있다. 암만=뉴시스올해 경기를 모두 마친 한국은 내년 3월 20일 오만과의 안방 경기로 3차 예선 일정을 다시 이어간다. 
","한국 축구대표팀이 올해 마지막 A매치였던 2026 북중미 월드컵 아시아 3차 예선 팔레스타인과의 경기에서 1-1로 비겨 4승 2무, 승점 14가 되면서 3차 예선 B조 1위로 올해 경기를 모두 마쳤다."
파이낸셜뉴스,https://n.news.naver.com/mnews/article/014/0005271037?sid=104,"토트넘, 이제 손흥민 안중에도 없나 … 인종차별 벤탕쿠르 징계 이의신청","
 



토트넘 손흥민. 뉴시스 [파이낸셜뉴스] 전 세계 축구계에서도 인종차별은 화두이자 절대 금지해야하는 절대 악으로 꼽힌다. 인종차별을 인정하는데 7경기 출장 정지 징계가 과하다는 이중적인 태도로 토트넘이 빈축을 사고 있다. 무엇보다 팀 내 주장이자 간판인 손흥민이 그 피해 대상이라는 점에서 더욱 한국 팬들에게는 안타까운 소식이다.   잉글랜드 프리미어리그(EPL) 토트넘 구단이 손흥민에게 인종차별성 발언을 한 미드필더 로드리고 벤탕쿠르를 7경기 출전 정지와 벌금 10만파운드(약 1억8000만원)로 징계한 잉글랜드축구협회(FA)에 이의를 제기했다.   토트넘은 20일(현지시간) 구단 홈페이지를 통해 ""벤탕쿠르의 징계 기간에 이의신청했다""고 밝혔다. 징계의 정당성은 수용하지만, 수위가 지나치게 높다는 게 구단 입장이다. FA가 이의신청을 받아들일지 따져보는 동안에도 벤탕쿠르의 출전 정지 징계는 그대로 유지된다고 토트넘은 밝혔다.    



토트넘 로드리고 벤탕쿠르. 연합뉴스 우루과이 출신의 벤탕쿠르는 지난 6월 자국 방송 프로그램에 출연해 손흥민과 관련된 발언으로 논란을 일으켰다.   진행자로부터 '손흥민의 유니폼을 구해달라'는 요청을 받은 벤탕쿠르가 ""손흥민 사촌 유니폼을 가져다줘도 모를 것이다. 손흥민이나 그의 사촌이나 똑같이 생겼다""라고 말했다.   '동양인은 모두 똑같이 생겼다'는 인종차별적 인식이 드러난 발언이었다. 팬들의 거센 비난이 이어지자 벤탕쿠르는 자신의 소셜미디어(SNS)를 통해 손흥민에게 사과의 글을 남겼다.   손흥민이 벤탕쿠르의 사과를 받아들이는 내용의 SNS 글을 올렸으나 축구계 인종차별 반대 운동을 벌여온 단체인 '킥잇아웃'이 이 사건과 관련한 여러 제보를 토트넘 구단과 당국에 전달하는 등 논란이 확산하면서 징계 절차가 시작됐다.
		",토트넘은 인종차별을 인정하는데 7경기 출장 정지 징계가 과하다는 이중적인 태도로 빈축을 사고 있다. 팀 내 주장이자 간판인 손흥민이 그 피해 대상이라는 점에서 더욱 한국 팬들에게는 안타까운 소식이다. 잉글랜드 프리미어리그(EPL) 토트넘 구단이 손흥민에게 인종차별성 발언을 한 미드필더 로드리고 벤탕쿠르를 7경기 출전 정지와 벌금 10만파운드로 징계한 잉글랜드축구협회(FA)에 이의를 제기했다.
뉴스1,https://n.news.naver.com/mnews/article/421/0007925249?sid=104,[포토] 맨시티 전 제임스 매디슨 선제 골 축하하는 손흥민,"




(맨체스터 AFP=뉴스1) 우동명 기자 = 토트넘의 손흥민이 23일(현지시간) 맨체스터의 에티하드 스타디움에서 열린 EPL 맨시티와 경기서 제임스 매디슨의 선제 골을 축하하고 있다. 2024.11.25ⓒ AFP=뉴스1
		",토트넘의 손흥민이 EPL 맨시티와 경기서 제임스 매디슨의 선제골을 축하하고 있다.
매경이코노미,https://n.news.naver.com/mnews/article/024/0000093185?sid=102,"손흥민 父 고소하고 5억 요구한 학부모, 스토킹으로 징역형","
스토킹·무고 혐의 항소심서징역 1년 6개월·집유 3년



 축구선수 손흥민과 부친 손웅정 SON축구아카데미 감독. (수오서재 제공)축수선수 손흥민의 부친 손웅정 SON축구아카데미 감독을 아동 학대 혐의로 고소하고 합의금을 요구하던 학부모가 무고 등으로 기소된 사건 항소심에서 징역형을 선고받은 것으로 알려졌다.26일 법조계에 따르면 인천지법 형사항소2-2부(진원두 부장판사)는 무고와 스토킹 범죄의 처벌 등에 관한 법률 위반 등 혐의로 기소된 40대 남성 A 씨에게 1심과 같은 징역 1년 6개월에 집행유예 3년을 선고했다.A 씨는 2020년 5월 “이익을 보게 해주겠다고 접근해 손해를 입혔다”며 지인을 허위로 고소한 혐의와 2021∼2022년 다른 피해자에게 100차례 넘게 온라인 메시지를 보내 스토킹한 혐의로 재판에 넘겨졌다.항소심 재판부는 “피고인이 일부 혐의는 무죄라고 주장했지만, 여러 증거를 보면 유죄가 인정된다”며 “원심에서 충분히 고려된 사안으로 형량이 과하거나 부족하지 않다”고 판단했다.A 씨는 지난 3월 자신의 아들이 축구선수 손흥민의 부친 손웅정 SON축구아카데미 감독으로부터 욕설과 신체적 학대를 받았다며 아동 학대 혐의로 고소하기도 했던 인물이다. A 씨는 경찰 조사에서 손 감독이 자신의 아들에게 신체적 훈육과 폭언을 했다고 주장했다. 고소 과정에서 A 씨가 손 감독 측에 5억원의 합의금을 요구하며 “손흥민 선수의 이미지 가치에 비해 적은 금액”이라는 취지로 발언한 사실도 드러났다.손 감독은 당시 “사건 발생 후 고소인 측에 사과 말씀을 드리고 사태를 원만히 해결하고자 노력했다”면서도 “다만 고소인 측이 수억원의 합의금을 요구했고 그 금액은 아카데미가 도저히 수용할 수 없어 안타깝게도 합의하지 못했다”고 해명한 바 있다.손 감독은 “지도 과정에서 아이들에 대한 진심 어린 태도가 없었던 적은 없다”고 혐의를 부인했고 코치 2명과 함께 아동복지법상 아동 학대 혐의로 약식 기소됐다. 손 감독은 지난달 벌금 300만원의 약식명령을 받았다. 검찰은 아카데미 운영과 관련 아동 취업 제한 명령은 요청하지 않았다.
",손흥민의 부친 손웅정 SON축구아카데미 감독을 아동 학대 혐의로 고소하고 합의금을 요구하던 학부모가 항소심에서 징역형을 선고받은 것으로 알려졌다. A 씨는 2020년 5월 지인을 허위로 고소한 혐의와 2021∼2022년 다른 피해자에게 100차례 넘게 온라인 메시지를 보내 스토킹한 혐의로 재판에 넘겨졌다. A 씨는 경찰 조사에서 손 감독이 자신의 아들에게 신체적 훈육과 폭언을 했다고 주장했다. 손 감독은 혐의를 부인했고 코치 2명과 함께 아동복지법상 아동 학대 혐의로 약식 기소됐다. 손 감독은 지난달 벌금 300만원의 약식명령을 받았다. 검찰은 아카데미 운영과 관련 아동 취업 제한 명령은 요청하지 않았다.
뉴스1,https://n.news.naver.com/mnews/article/421/0007925250?sid=104,[포토] EPL 맨시티와 경기서 드리블하는 토트넘의 손흥민,"




(맨체스터 로이터=뉴스1) 우동명 기자 = 토트넘의 손흥민이 23일(현지시간) 맨체스터의 에티하드 스타디움에서 열린 EPL 맨시티와 경기서 드리블을 하고 있다. 2024.11.25ⓒ 로이터=뉴스1
		",토트넘의 손흥민이 EPL 맨시티와 경기서 드리블을 하고 있다.
뉴스1,https://n.news.naver.com/mnews/article/421/0007925251?sid=104,[포토] 맨시티와 경기서 페드로 포로의 골 축하하는 손흥민,"




(맨체스터 로이터=뉴스1) 우동명 기자 = 토트넘의 손흥민이 23일(현지시간) 맨체스터의 에티하드 스타디움에서 열린 EPL 맨시티와 경기서 페드로 포로의 팀 세번째 골을 축하하고 있다. 2024.11.25ⓒ 로이터=뉴스1
		",토트넘의 손흥민이 EPL 맨시티와 경기서 페드로 포로의 세번째 골을 축하하고 있다.
부산일보,https://n.news.naver.com/mnews/article/082/0001299507?sid=102,"""이미지가 있는데, 5억이 아깝나"" 손흥민 父 고소한 40대, 다른 사건 무고죄로 '집유'","




손웅정 SON축구아카데미 감독. 연합뉴스국가대표 축구 선수 손흥민(32)의 아버지 손웅정(62) 'SON축구아카데미' 감독을 아동학대 혐의로 고소한 40대 학부모가 무고 등 혐의로 기소된 다른 사건으로 유죄를 선고받았다.26일 인천지법 형사항소2-2부는 무고와 스토킹 범죄의 처벌 등에 관한 법률 위반 등 혐의로 기소된 40대 남성 A 씨에게 1심과 같은 징역 1년 6개월에 집행유예 3년을 선고했다고 밝혔다.A 씨는 2020년 5월 ""이익을 보게 해주겠다고 접근해 손해를 입혔다""며 지인을 허위로 고소한 혐의 등을 받는다.또 2021년부터 1년간 다른 피해자에게 100차례 넘게 온라인 메시지를 보내 스토킹한 혐의로도 기소됐다.항소심 재판부는 ""피고인이 일부 혐의는 무죄라고 주장했지만, 여러 증거를 보면 유죄가 인정된다""며 ""1심 양형이 부당하지도 않다""고 판단했다.A 씨는 지난 3월 ""자녀가 손 감독과 코치들한테서 학대당했다""며 경찰에 고소한 인물이다.수사 기관에서 진술한 바에 따르면 당시 경기에서 진 피해 아동 팀 선수들은 패배했다는 이유로 손 수석코치로부터 '정해진 시간 내에 골대에서 중앙선까지 20초 안에 뛰어오라'는 지시를 받았다. 그리고 '피해 아동을 비롯한 4명이 제시간에 들어오지 못하자 엎드린 자세로 엉덩이를 코너킥 봉으로 맞았다'고 진술했다.손 감독으로부터도 '오키나와 전지훈련 기간이었던 지난 3월 7∼12일 훈련 중 실수했다는 이유로 욕설을 들은 것을 비롯해 경기는 물론 기본기 훈련을 잘 못한다는 이유로 욕을 들었다'는 내용이 진술에 포함됐다.아카데미 소속 선수들이 함께 사는 숙소에서 A 코치에 의해 엉덩이와 종아리를 수차례 맞았고, 구레나룻을 잡아당기거나 머리 부위를 맞았다는 주장도 진술서에 담겼다.이와 관련해 손 감독은 ""사건 발생 후 고소인 측에 사과의 말씀을 드리고 사태를 원만히 해결하고자 노력했다""고 해명했다.그러면서 ""다만 고소인 측이 수억 원의 합의금을 요구했고, 그 금액은 아카데미가 도저히 수용할 수 없어 안타깝게도 합의하지 못했다""고 전했다.이 과정에서 A 씨가 손 감독 측에 5억원의 합의금을 요구한 것으로 전해졌다.A 씨는 손 감독에게 ""손흥민 선수 이미지 마케팅 비용이 얼마나 드는데, 돈이 아깝냐""는 취지로 5억 원의 합의금을 요구한 것으로 알려졌다.다만 A 씨는 ""불법으로 녹취된 대화이고, 아동학대란 본질에선 벗어난 여론몰이""라고 주장했다.코치 2명과 아동복지법상 아동학대 혐의로 약식 기소된 손 감독은 지난달 각 벌금 300만 원의 약식명령을 받았다.
",손웅정 'SON축구아카데미' 감독을 아동학대 혐의로 고소한 40대 학부모가 1심과 같은 징역 1년 6개월에 집행유예 3년을 선고받았다.
강원일보,https://n.news.naver.com/mnews/article/087/0001082389?sid=102,"영국매체 “손흥민, 토트넘 1년 계약 연장에 불만족’”","
다수 영국 매체 “1년 계약 연장하려는 토트넘에 손흥민 불만족”앞서 유럽 현지서 토트넘이 1년 연장 옵션 발동한다는 소식



◇지난 24일 새벽 2시 30분(한국시간) 영국 맨체스터의 에티하드 스타디움에서 열린 2024-2024 잉글랜드 프로축구 프리미어리그(EPL) 12라운드 원정 경기 맨시티전 종료 후 손흥민(토트넘)의 모습. 사진=연합뉴스 외신춘천 출신으로 대한민국 국가대표 캡틴 손흥민이 현재 소속팀인 토트넘 홋스퍼가 장기 재계약이 아닌 1년 계약 연장 옵션을 발동하려는 것에 대해 불만족하고 있다는 의견이 제시됐다.다수의 영국 매체는 지난 26일(이하 한국시간) 손흥민이 1년 계약 연장 옵션을 발동하려는 토트넘에 불만족스러워하고 있다는 내용의 보도를 내놨다. 영국 축구 전문 매체 ‘풋볼 365’는 “손흥민은 장기 계약이 아닌 1년 계약 연장을 하려는 토트넘의 계획에 만족하지 않는 것 같다”고 보도했으며 또 다른 영국 매체 ‘팀토크’ 역시 “손흥민이 장기 계약 대신 1년 연장 계약을 발동하려는 토트넘의 계획에 그다지 기뻐하지 않은 것으로 파악됐다”고 전했다.앞서 유럽 이적시장에 정통한 언론인 파브리치오 로마노는 지난 14일 SNS를 통해 “토트넘이 손흥민과의 계약을 2026년 6월까지 연장하는 계약 조항 발동 절차를 시작했다”고 밝히며 “손흥민은 기존 계약보다 최소 한 시즌 더 토트넘과 동행할 것”이라고 덧붙였다.손흥민이 32살에 접어든 만큼 에이징 커브를 고려해 장기 재계약보다 1년 연장 옵션 발동을 하는 것이 현실적인 선택이라는 것이 현지 언론의 분석이었다.한편 손흥민은 2015년 8월 레버쿠젠(독일)을 떠나 토트넘과 5년 계약을 맺었다. 이후 2018년 7월 재계약으로 2023년까지 계약 기간을 늘렸고 2021년 7월 두 번째 재계약을 통해 2025년 여름까지 뛰게 됐다.
",대한민국 국가대표 캡틴인 손흥민이 현재 소속팀인 토트넘 홋스퍼가 장기 재계약이 아닌 1년 계약 연장 옵션을 발동하려는 것에 대해 불만족하고 있다는 의견이 제시됐다.
매일경제,https://n.news.naver.com/mnews/article/009/0005397884?sid=104,“둘이 한솥밥”.. 손흥민 PSG 이적설 나왔다,"




 대표팀에서 갈등 후 만난 손흥민과 이강인. 인스타그램토트넘 훗스퍼와 손흥민의 계약에 관심이 쏠리고 있는 가운데 손흥민이 이강인과 함께 한솥밥을 먹을 가능성이 제기됐다.영국 매체 팀토크가 16일(현지시간) 토트넘의 유럽축구연맹(UEFA) 챔피언스리그 진출 실패 시 손흥민이 매각 대상이며 PSG가 관심을 보이고 있다고 보도했다. 이 매체는 “토트넘이 손흥민의 1년 계약 연장 옵션을 발동할 예정이다. 손흥민은 토트넘에서 2025~2026시즌까지 뛰게 된다”라면서 “프랑스의 빅클럽인 파리 생제르맹은 오랜 기간 손흥민을 주시하고 있으며 파리생제르맹은 이전에도 손흥민을 영입하기 위해 계획을 세운 적이 있다”고 전했다.또다른 영국 매체인 텔레그라프는 지난 4일 “토트넘이 손흥민에 대한 1년 계약 연장 옵션을 조만간 발동할 예정”이라고 했다. 이어 “토트넘은 손흥민과 2021년 7월 마지막 계약(4년)을 체결했는데, 구단은 1년 더 계약을 연장할 수 있는 옵션을 보유한 것으로 알려졌다”며 “토트넘은 손흥민에게 계약 연장 옵션을 행사한다는 사실만 알리면 되는데 토트넘과 손흥민 모두 옵션 발동에 동의하고 있다”고 전했다. 손흥민의 연장 옵션을 토트넘이 행사할 가능성을 더 높게 보고 있는 것이다.다른 매체인 TBR풋볼에 따르면, 토트넘은 1년 연장 옵션을 넘어 장기 계약 연장할 의사가 없다고 알렸다. 다음 시즌이 손흥민이 토트넘에서 뛰는 마지막 시즌이 될 수 있다. 이대로라면, 손흥민은 토트넘에서 11년간 스스로 구단 역대 최고의 선수가 되는 것에 근접한 커리어를 남길 것이다“라고 전했다.
",영국 매체 팀토크가 토트넘의 유럽축구연맹 챔피언스리그 진출 실패 시 매각 대상이며 PSG가 관심을 보이고 있다고 보도했고 텔레그라프는 토트넘이 손흥민에 대한 1년 계약 연장 옵션을 발동할 예정이라고 했다.
매일경제,https://n.news.naver.com/mnews/article/009/0005402943?sid=102,"손흥민 아버지 고소 학부모, 다른 사건 항소심서 유죄","
아동학대로 손웅정 감독 고소한 학부모무고·스토킹 범죄 항소심서 유죄 받아



 손웅정 SON축구아카데미 감독. <연합뉴스>축구 국가대표 손흥민(32)의 아버지인 손웅정 감독(62·SON축구아카데미)을 아동학대 혐의로 고소한 40대 학부모가 이와는 다른 사건 항소심에서 유죄를 선고받았다.인천지법 형사항소2-2부(부장판사 진원두)는 무고와 스토킹 범죄 처벌법 위반 등 혐의로 기소된 40대 남성 A씨에게 1심과 같은 징역 1년 6개월에 집행유예 3년을 선고했다고 26일 밝혔다.A씨는 지난 2020년 5월 “이익을 보게 해주겠다고 접근해 손해를 입혔다”며 지인을 허위로 고소한 혐의 등으로 기소됐다.2021년부터 2022년까지 다른 피해자에게 100차례 넘게 온라인 메시지를 보내 스토킹한 혐의도 있다.항소심 재판부는 “피고인이 일부 혐의는 무죄라고 주장했지만, 여러 증거를 보면 유죄가 인정된다”면서 “1심 양형이 부당하지 않다”고 판시했다.A씨는 지난 3월 자녀가 손 감독과 코치들한테서 학대당했다며 경찰에 고소한 인물이다.그는 “손 감독이 오키나와 전지훈련 때 실수했다거나 기본기 훈련을 잘하지 못한다는 이유로 아이에게 욕설하고, 다른 코치는 코너킥 봉으로 허벅지를 때렸다”고 주장했다.손 감독은 “사건 발생 후 고소인 측에 사과의 말씀을 드리고 사태를 원만히 해결하고자 노력했다”면서도 “다만 고소인 측이 수억 원의 합의금을 요구했고, 그 금액은 아카데미가 도저히 수용할 수 없어 안타깝게도 합의하지 못했다”고 해명했다.손 감독은 코치 2명과 함께 아동복지법상 아동학대 혐의로 약식 기소됐고 지난달 벌금 300만원의 약식명령을 받았다.
",손 감독을 아동학대 혐의로 고소한 40대 학부모가 1심과 같은 징역 1년 6개월에 집행유예 3년을 선고받았다.
매일경제,https://n.news.naver.com/mnews/article/009/0005401682?sid=102,"“역시 월드 클래스는 다르네”…손흥민 인터뷰 극찬 쏟아졌다는데, 왜?","




 [사진 = 연합뉴스 DB]“열심히 뛰는 팔레스타인 선수들에게서 배울 점이 너무 많았다.”손흥민(32·토트넘)이 팔레스타인과의 경기 후 가진 인터뷰에서 이 같이 밝혔다. 이에 네티즌들 사이에서 극찬이 잇따르고 있다.22일(현지시간) 여러 중동 매체는 지난 19일 요르단 암만 국제경기장에서 열린 2026 국제축구연맹(FIFA) 북중미 월드컵 아시아지역 3차 예선 6차전에서 이뤄진 한국과 팔레스타인의 경기 후 손흥민의 방송 인터뷰를 보도했다.손흥민은 “우리 스스로 경기를 어렵게 풀었다. 이기지 못해 아쉽다”고 소감을 전한 뒤 “팔레스타인 선수들이 (전쟁으로) 어려운 상황에서도 끝까지 열심히 하는 모습을 보며 배울 점이 많았다. 박수를 보내고 싶다”며 상대를 존중하는 모습을 보였다.팔레스타인은 이스라엘과의 전쟁 중이다. 팔레스타인 축구대표팀 역시 주축 대부분이 소속 팀도 없이 훈련하고 있는 것으로 알려졌다. 이번 경기 역시 홈 경기 일정임에도 전쟁을 피해 중립지인 요르단에서 치러야만 했다.
",손흥민이 팔레스타인과의 경기 후 가진 인터뷰에서 열심히 뛰는 팔레스타인 선수들에게서 배울 점이 너무 많다고 밝히자 네티즌들 사이에서 극찬이 잇따르고 있다.
경향신문,https://n.news.naver.com/mnews/article/032/0003333549?sid=104,"손흥민 A매치 51호골 쐈지만…홍명보호, 팔레스타인과 1-1 무승부","




손흥민의 골 세리머니 | 연합뉴스손흥민(32·토트넘)의 날카로운 킬러 본능은 팔레스타인에도 통했다. 손흥민이 첫 패배의 위기에서 통산 A매치 51호골을 쏘아 올리면서 한국인 A매치 단독 득점 2위로 올라섰다.홍명보 감독(55)이 이끄는 축구대표팀은 19일 요르단 암만 국제경기장에서 열린 2026 북중미 월드컵 아시아지역 3차예선 B조 6차전에서 손흥민의 동점골에 힘입어 팔레스타인과 1-1로 비겼다. 팔레스타인과 재차 비긴 한국은 4승2무(승점 14)로 1경기를 덜 치른 2위 요르단과 승점차를 6점으로 벌렸다.국제축구연맹(FIFA) 랭킹 100위인 팔레스타인(3무3패)은 3차예선에서 아직 1승도 없지만 객관적인 전력에서 앞서는 한국(22위)을 상대로 묘한 상성을 자랑한다. 지난 9월 0-0으로 비긴 1차전 당시 투박하지만 거친 축구에 어려움을 겪었는데 2개월 만에 다시 부딪친 리턴 매치에서도 이 같은 양상은 변함이 없었다.한국이 압도적인 볼 점유율(74%)과 슈팅(15개)으로 팔레스타인 수비를 두드렸지만 실속은 챙기지 못했다.먼저 골을 터뜨린 쪽도 팔레스타인이었다. 상대의 거친 압박에 수비에서 실수가 나온 게 문제였다. 중앙 수비수 김민재(바이에른 뮌헨)이 상대 선수와 경합하다가 뒤로 넘긴 백패스가 너무 짧았다. 골키퍼 조현우(울산)가 재빨리 달려들었으나 자이드 쿤타르의 오른발 슛에 골문이 열리고 말았다.그나마 다행이라면 한국이 빠른 시간에 승부를 원점으로 되돌렸다는 사실이다. 전반 16분 손흥민과 이재성(마인츠), 이명재(울산)가 합작한 작품이었다. 왼쪽 측면에서 이명재가 넘긴 패스를 이재성이 논스톱으로 연결해 골문으로 침투하던 손흥민이 오른발 슛으로 반대편 골대 구석을 찔렀다. 손흥민은 이 득점으로 황선홍 대전 하나시티즌 감독(50골)을 넘어 A매치 51골로 단독 2위로 올라서게 됐다.



슈팅이 실패하자 실망한 오세훈 | 연합뉴스또 손흥민은 올해 A매치에서만 10골을 넣으면서 자신의 한 해 최다골 기록(종전 2015년 9골)도 경신했다.손흥민의 활약으로 자신감을 얻은 한국은 매섭게 팔레스타인의 수비를 두드렸다. 손흥민이 전반 30분 허를 찌리는 프리킥을 시도했고, 전반 37분 이강인(파리 생제르맹)도 논스톱 슈팅을 날렸다.골운이 따르지 않은 게 아쉬웠다. 전반 종료 직전 코너킥 찬스에서 박용우(알아인)의 헤더슛이 골망을 갈랐으나 직전 반칙이 선언돼 인정받지 못했다. 후반 7분에는 황인범(페예노르트)의 발리슛이 골대를 때리고 말았다.승리가 필요한 한국은 교체 카드를 꺼냈다. 주민규(울산)와 오현규(헹크), 배준호(스토크시티) 등을 잇달아 투입해 투톱으로 공세를 더욱 끌어 올렸다. 그러나 한국은 손흥민의 두 번째 골이 오프사이드로 취소됐다. 후반 35분 황인범이 수비 뒤로 파고드는 손흥민에게 정확한 롱패스를 연결해 골문을 열었으나 오프사이드가 선언됐다. 비디오 판독(VAR)에서도 판정이 바뀌지 않았다. 한국은 남은 시간 승리를 위해 최선을 다했지만 득점이 나오지 않으면서 승점 1점으로 만족해야 했다.
		",손흥민이 첫 패배의 위기에서 통산 A매치 51호골을 쏘아 올리면서 한국인 A매치 단독 득점 2위로 올라섰지만 비디오 판독(VAR)에서도 판정이 바뀌지 않아 남은 시간 승리를 위해 최선을 다했지만 득점이 나오지 않으면서 승점 1점으로 만족해야 했다.
채널A,https://n.news.naver.com/mnews/article/449/0000292017?sid=102,‘아동학대’로 손흥민 父 고소한 학부모…다른 사건으로 ‘유죄’,"
			축구 국가대표 손흥민의 아버지 손웅정 감독(62)을 아동학대로 고소했던 학부모가 다른 사건으로 유죄를 선고받았습니다.인천지법 형사항소2-2형사부(재판장 진원두)는 무고와 스토킹 범죄의 처벌 등에 관한 법률 위반 등 혐의 혐의로 기소된 A 씨(44·남)에게 1심과 같은 징역 1년 6개월에 집행유예 3년을 선고했다고 15일 밝혔습니다.A 씨는 2020년 5월 지인이 자신에게 ""이익을 보게 해주겠다고 접근해 손해를 입혔다""며 허위로 고소한 혐의 등으로 기소됐습니다.A 씨는 또 다른 피해자에게 2021년 11월부터 2022년 6월까지 103차례에 걸쳐 ""경찰 조사 잘 받고 죄를 지었으면 벌 받아라"" 등의 SNS(소셜네트워크서비스) 메시지를 보낸 혐의로도 기소됐습니다.A 씨는 앞서 자신의 아들이 손웅정 감독으로부터 수시로 심한 욕설을 들었다며 손 감독과 그 코치 등을 아동학대 혐의로 고소했습니다.춘천지법 형사11단독 김택성 판사는 약식 기소된 손 감독과 코치 등 3명에게 벌금 각 300만 원의 약식명령을 내렸습니다.
",손 감독을 아동학대로 고소했던 학부모가 다른 사건으로 유죄를 선고받았는데 인천지법 형사항소2-2형사부는 A 씨에게 징역 1년 6개월에 집행유예 3년을 선고했다고 15일 밝혔다.
아이뉴스24,https://n.news.naver.com/mnews/article/031/0000888226?sid=102,"손흥민父에 '합의금 5억' 학부모, 근황 '깜짝'…무고·스토킹으로 징역형","
			축구 선수 손흥민의 아버지인 손웅정 SON축구아카데미 감독 등이 아동 학대 혐의로 고소한 학부모가 다른 사건으로 유죄를 선고받은 것으로 나타났다.



손흥민의 아버지 손웅정 감독이 26일 서울 강남구 코엑스에서 열린 '2024 서울국제도서전'에 참석하여 팬싸인회를 기다리고 있다. 2024.06.26. [사진=뉴시스]인천지법 형사항소2-2부(진원두 부장판사)는 무고와 스토킹 범죄의 처벌 등에 관한 법률 위반 등 혐의로 기소된 40대 남성 A씨에게 1심과 같은 징역 1년 6개월에 집행유예 3년을 선고했다고 26일 밝혔다.A씨는 2020년 5월 ""이익을 보게 해주겠다고 접근해 손해를 입혔다""며 지인을 허위로 고소한 혐의 등으로 기소됐다.그는 또 2021∼2022년 다른 피해자에게 100차례 넘게 온라인 메시지를 보내 스토킹한 혐의도 받았다.A씨는 지난 3월 손 감독과 SON축구아카데미 코치진이 아동학대를 했다며 경찰에 고소한 인물이다.지난 3월 9일 아카데미 코치가 오키나와 전지훈련 중 A씨의 자녀 B군의 허벅지를 코너킥 봉으로 때려 전치 2주 상처를 입혔고, 손 감독 역시 전지훈련에서 실수, 기본기 훈련이 미흡하다는 이유로 욕설을 했다는 주장이다.이 같은 사실이 알려지자 손 감독 측은 ""맹세컨대 아카데미 지도자들의 행동에 있어서 아이들에 대한 사랑이 전제가 되지 않은 언행과 행동은 결코 없었다""며 ""고소인의 주장 사실은 진실과는 다른 부분이 많기 때문에 아카데미 측은 사실관계를 왜곡하거나 숨기지 않고 가감 없이 밝히며 수사에 적극적으로 협조하고 있다""고 해명했다.이 과정에서 A씨가 손 감독 측에 5억원의 합의금을 요구한 사실이 녹취록을 통해 알려지기도 했다.A씨는 손 감독 측 법률대리인에게 ""(손흥민이) 전 세계 스포츠 스타고, 거기다가 손 감독도 유명하다""면서 ""저는 (돈을) 조금 받고는 절대 (합의)할 생각 없다. 다 비밀로 해야 한다고 하면 5억 이상은 받아야 된다고 생각한다""고 말했다.이 사건에 대해 춘천지법 형사2단독(김택성 부장판사)은 손 감독과 코치 2명에게 벌금 각 300만 원의 약식명령을 내렸다.
",인천지법 형사항소2-2부는 손 감독과 SON축구아카데미 코치진이 아동학대를 했다며 경찰에 고소한 40대 남성 A씨에게 무고와 스토킹 범죄의 처벌 등에 관한 법률 위반 등 혐의로 징역 1년 6개월에 집행유예 3년을 선고했다고 26일 밝혔다.
한국경제,https://n.news.naver.com/mnews/article/015/0005061375?sid=102,"""5억 밑은 안돼""…손흥민父 고소한 40대 학부모의 최후","




축구 국가대표 손흥민의 아버지인 손웅정 SON축구아카데미 감독.  /사진=연합뉴스국가대표 축구선수 손흥민(32)씨의 부친 손웅정(62) SON축구아카데미 감독을 아동학대 혐의로 고소하고 합의금 5억원을 요구한 남성 A(44)씨가 항소심 재판에서 스토킹·무고 등의 혐의로 유죄 판결받은 사실이 뒤늦게 알려졌다.조선일보에 따르면 인천지법 제2-2형사부(재판장 진원두)는 지난 15일 스토킹·무고 혐의로 기소된 A씨에게 징역 1년 6개월에 집행유예 3년을 선고했다. 이는 1심과 동일한 형량이다.A씨는 지난 2016년 도박 혐의로 본인의 계좌가 압류될 위기에 처하자 지인 B씨의 계좌에 자금을 입금하는 방식으로 인터넷 도박을 한 후 ""B씨에게 계좌이체 등 방법으로 손해를 입었다""는 허위 고소장을 작성한 혐의(무고)로 재판에 넘겨진 것으로 알려졌다. 또한 다른 피해자에게 2021년 11월부터 2022년 6월까지 103회에 걸쳐 SNS 메시지를 보내는 방식으로 스토킹한 혐의도 받고 있다.1심 재판부는 ""피고인은 지속적 또는 반복적으로 피해자의 의사에 반해 정당한 이유 없이 정보통신망을 이용하여 글·그림 등에 도달하게 해 피해자에게 불안감 또는 공포심을 일으키는 스토킹 행위를 했다""고 판결 이유를 설명했다. A씨는 이와 더불어 무고, 모욕, 정보통신망법상 명예훼손 등의 혐의에 대해서도 유죄 판결받았다.A씨는 앞서 SON축구아카데미에 다니는 아들이 지도자로부터 욕설, 폭언 등 정신적 학대는 물론, 폭행, 얼차려 등 신체적 학대를 받았다며 경찰에 고소한 인물로 알려졌다. 고소장에 따르면 A씨 아들은 함께 경기한 선수들이 졌다는 유로 20초 안에 골대에서 중앙선까지 뛰어오라는 지시를 받았고, 이를 제대로 수행하지 못하자 코치에게 엎드린 자세로 엉덩이를 코너킥 봉으로 맞았다고 진술했다.또 지난 3월 오키나와 전지훈련 기간엔 훈련 중 실수했다는 이유로 손 감독으로부터 욕설을 들었고, 숙소에서는 코치들이 엉덩이와 종아리를 여러 차례 때리거나 구레나룻을 잡아당기고 머리 부위를 가격했다고 말했다.손웅정 감독 측은 입장문을 통해 ""마음의 상처를 받은 아이와 그 가족분들께 깊은 사과의 뜻을 전한다.다만 고소인의 주장 사실은 진실과는 다른 부분이 많다""며 ""제 모든 것을 걸고 맹세컨대 아카데미 지도자들의 행동에 있어서 아이들에 대한 사랑이 전제되지 않은 언행은 결코 없었다""고 혐의를 부인했다.이 과정에서 A씨가 손 감독 측에 5억원의 합의금을 요구한 사실이 알려졌다. 공개된 녹취록에서 A씨는 손 감독 측 법률대리인인 김형우 법무법인 명륜 변호사에게 ""저도 변호사를 (선임)해서 얘기할 것 아니냐며 ""(변호사가 합의금으로) '20억이든 불러요. 최소 5억 밑으로는 하지 마세요'라고 했다. 진짜다""라고 말했다. 그러자 김 변호사는 ""어떤 변호사냐. 알려주면 직접 얘기해보겠다""고 되물었다.A씨는 ""중요한 건 합의하려고 하면, 솔직히 얘기하면 돈 보상이지 않냐""며 ""변호사님 말대로 일반 사건이면 1500만원이 가능한 금액이지만, (손흥민이) 전 세계 스포츠 스타고, 거기다가 손 감독도 유명하다. 그런데 본인들 가치가 1500만원이냐""고 말했다. 그러면서 ""만약 세상에 안 알리고 좋게 한다고 그러면, 솔직하게 얘기해서 지금은 돈뿐이 없지 않냐""며 ""저는 (돈을) 조금 받고는 절대 (합의)할 생각 없다. 다 비밀로 해야 한다고 하면 5억 이상은 받아야 된다고 생각한다""고 합의금에 대한 의견을 밝혔다.한편 손 감독 등에 대한 아동학대 혐의 사건에 대해 검찰은 지난 8월 약식기소했다. 그러나 아카데미 운영에 영향을 미칠 수 있는 아동 관련 기관 취업 제한 명령은 요청하지 않았다.약식명령은 혐의가 비교적 가벼운 사인에서 서면 심리만으로 벌금이나 과태료 등을 부과하는 절차다. 손 감독 등이 해당 판결에 불복할 경우 명령을 고지받은 날로부터 7일 이내 정식 재판을 청구할 수 있다.
","손웅정 SON축구아카데미 감독을 아동학대 혐의로 고소하고 합의금 5억원을 요구한 남성 A(44)씨가 항소심 재판에서 스토킹·무고 등의 혐의로 유죄 판결받은 사실이 뒤늦게 알려졌다. A씨는 지난 2016년 도박 혐의로 본인의 계좌가 압류될 위기에 처하자 지인 B씨의 계좌에 자금을 입금하는 방식으로 인터넷 도박을 한 후 ""B씨에게 계좌이체 등 방법으로 손해를 입었다""는 허위 고소장을 작성한 혐의(무고)로 재판에 넘겨진 것으로 알려졌다."
세계일보,https://n.news.naver.com/mnews/article/022/0003988936?sid=102,"“돈이 아깝냐”…손흥민父 고소, 합의금 5억 요구했던 40대의 최후","
손흥민 부친 고소·합의금 요구2심에서도 징역형의 집행유예“원심 형량 지나치게 무겁거나가볍다고 보기는 어렵다” 판시축구 국가대표 손흥민(32) 선수의 부친인 손웅정(62) SON축구아카데미 감독을 아동학대 혐의로 고소하고 5억 원의 합의금을 요구했던 김모(44)씨가 스토킹 및 무고 혐의로 항소심에서도 징역형의 집행유예를 선고받았다.     25일 법조계에 따르면 인천지법 제2-2형사부(재판장 진원두)는 지난 15일 열린 항소심에서 김씨에게 1심과 동일한 징역 1년 6개월에 집행유예 3년을 선고했다.     



   손흥민 선수(왼쪽)와 아버지 손웅정씨. 연합뉴스       재판부는 “피고인과 검사가 주장하는 양형 부당 사유는 원심이 충분히 고려한 사정들로 보인다”며 “원심 형량이 지나치게 무겁거나 가볍다고 보기 어렵다”고 판결 이유를 밝혔다.     김씨는 지난 3월 자신의 아들 A군이 손웅정 감독에게 심한 욕설과 폭언을 듣고 목덜미를 붙잡힌 채 밀쳐지는 등의 학대를 당했다며 손 감독을 아동학대 혐의로 고소했다.     이후 손 감독에게 “손흥민 선수 이미지 마케팅 비용이 얼마나 드는데, 돈이 아깝냐”는 취지로 5억 원의 합의금을 요구한 것으로 전해졌다.     한편 김씨는 이번 사건과 별도로, 과거의 스토킹 및 무고 혐의로도 유죄 판결을 받았다고 조선일보가 전했다.     그는 2016년 도박 혐의로 자신의 계좌가 압류될 위기에 처하자 지인 B씨 계좌를 이용해 인터넷 도박을 했다. 이후 B씨에게 계좌이체 등으로 손해를 입었다는 허위 고소장을 제출해 무고 혐의로 기소됐다.     김씨는 2021년 11월부터 2022년 6월까지 다른 피해자에게 SNS 메시지를 103회에 걸쳐 보내며 스토킹한 혐의도 받고 있다.     1심 재판부는 김씨에게 징역 1년 6개월에 집행유예 3년을 선고하며 보호관찰, 120시간의 사회봉사, 40시간의 스토킹 예방 강의 수강을 명령했다.     재판부는 “피고인은 지속적이고 반복적으로 피해자의 의사에 반해 정당한 이유 없이 정보통신망을 이용해 불안감과 공포심을 유발했다”고 지적했다.
",판시축구 국가대표 손 선수의 부친인 손웅정 SON축구아카데미 감독을 아동학대 혐의로 고소하고 5억 원의 합의금을 요구했던 김모씨가 스토킹 및 무고 혐의로 항소심에서도 징역형의 집행유예를 선고받았다.
이데일리,https://n.news.naver.com/mnews/article/018/0005893009?sid=102,"""합의금 5억 달라""던 손흥민父 고소 학부모 결국","
다른 사건 스토킹·무고 등 혐의 항소심서 징역형 집행유예[이데일리 김혜선 기자] 국가대표 축구선수 손흥민(32)의 부친 손웅정(62) SON축구아카데미 감독을 아동학대 혐의로 고소했던 학부모 A씨가 손 감독과 별개의 다른 사건 스토킹·무고 등 혐의 항소심에서 징역형의 집행유예를 선고받았다고 조선일보가 보도했다.



손웅정 SON축구아카데미 감독. (사진=연합뉴스)26일 조선일보에 따르면, 인천지법 제2-2형사부(재판장 진원두)는 스토킹, 무고 혐의로 기소된 A씨(40대)에 지난 15일 1심과 같은 징역 1년 6개월에 집행유예 3년을 선고했다. 앞서 1심 판결 이후 검사와 A씨 모두 양형이 부당하다며 항소했는데, 재판부는 “원심의 형이 지나치게 무겁거나 가벼워서 부당하다고 볼 수 없다”며 기각한 것이다.A씨는 지난 3월 손 감독을 ‘아동학대’ 혐의로 고소한 바 있다. 피해 학생 측은 지난 3월 일본 오키나와 전지훈련 중 경기에서 졌다는 이유로 코치들에게 맞고 손 감독에게는 수시로 욕설을 들었다고 주장했고, 손 감독 측은 훈련 분위기가 느슨해지는 것을 막기 위해 욕설을 할 때가 있지만, 특정 학생에게 한 적은 없다고 반박했다.이후 A씨는 손 감독과 합의를 하는 과정에서 수억원 대의 합의금을 요구했고, 이러한 내용이 디스패치 보도를 통해 공개되기도 했다. 당시 공개된 녹취록에는 A씨가 “저도 변호사랑 이야기하지 않느냐. (변호사가) ‘20억(원)이든 불러요. 최소 5억 밑으로는 하지마세요’ 했다. 진짜다”라고 말하거나, “부모의 정신 피해도 있다”, “아이로 계산하면 1500이 맥시멈이다. 그런데 특이상황이지 않느냐”고 말하는 내용이 담겼다.SON축구아카데미 관계자는 조선일보에 “아카데미 측이 김씨에 대한 엄벌 탄원서를 제출한 것으로 안다”고 전했다.A씨는 손 감독 사건과는 별개로 다른 사건 항소심에서 징역 1년 6개월에 집행유예 3년을 선고받았다고 조선일보는 전했다. A씨는 지난 2016년 도박 혐의로 계좌 압류 위기에 처하자 지인의 계좌에 돈을 입금하는 방식으로 인터넷 도박을 한 뒤 “지인에게 계좌이체로 손해를 입었다”고 허위로 고소장을 작성한 혐의(무고)를 받는다. 지난해 10월 열린 1심에서는 징역 1년 6개월에 집행유예 3년을 선고받았고, 피고인에 대한 보호관찰과 120시간의 사회봉사, 40시간의 스토킹예방강의 수강 명령도 함께 내려졌다.또 A씨는 다른 피해자에게 2021년 11월부터 2022년 6월까지 103회에 걸쳐 SNS 메시지를 보내는 방식으로 스토킹한 혐의도 받고 있다. 1심 재판부는 “피고인은 지속적 또는 반복적으로 피해자의 의사에 반해 정당한 이유 없이 정보통신망을 이용하여 글·그림 등에 도달하게 해 피해자에게 불안감 또는 공포심을 일으키는 스토킹 행위를 했다”고 판시했다. A씨는 이와 더불어 무고, 모욕, 정보통신망법상 명예훼손 등의 혐의에 대해서도 유죄 판결받았다.한편, 아동학대 고소를 당한 손 감독 등은 지난 8월 검사가 약식 기소했고, 지난 10월 춘천지법 형사11단독에서 벌금 300만원과 40시간의 아동학대 치료프로그램 이 약식명령을 받았다. 약식명령은 공판을 거치지 않고 벌금 등의 재산형을 내리는 절차로 약식명령이 확정되면 확정판결과 동일한 효력이 있다.
","손웅정 SON축구아카데미 감독을 아동학대 혐의로 고소했던 학부모 A씨가 1심과 같은 징역 1년 6개월에 집행유예 3년을 선고받았다. A 씨는 손 감독을 ‘아동학대’ 혐의로 고소한 바 있다. A 씨는 손 감독 사건과는 별개로 다른 사건 항소심에서 징역 1년 6개월에 집행유예 3년을 선고받았다. A씨는 지난 2016년 도박 혐의로 계좌 압류 위기에 처하자 지인의 계좌에 돈을 입금하는 방식으로 인터넷 도박을 한 뒤 “지인에게 계좌이체로 손해를 입었다”고 허위로 고소장을 작성한 혐의를 받는다. A 씨는 1심에서는 징역 1년 6개월에 집행유예 3년을 선고받았고, 피고인에 대한 보호관찰과 120시간의 사회봉사, 40시간의 스토킹예방강의 수강 명령도 함께 내려졌다."
강원일보,https://n.news.naver.com/mnews/article/087/0001081447?sid=102,"손흥민 4호 도움 기록…토트넘, 맨시티에 4대0 대승","
에티하드 스타디움서 열린 12라운드 원정전손흥민, 선발 출전해 도움 1개 추가도움 66개 쌓으며 토트넘 역대 선수 중 2위



◇24일 새벽 2시 30분(한국시간) 영국 맨체스터의 에티하드 스타디움에서 열린 2024-2024 잉글랜드 프로축구 프리미어리그(EPL) 12라운드 원정 경기 맨시티전에 나선 손흥민(토트넘)의 모습. 사진=연합뉴스 외신춘천 출신 캡틴 손흥민(토트넘)이 이번 시즌 ‘4호 도움’을 작성하는 맹활약으로 팀의 승리를 이끌었다.토트넘은 24일 새벽 2시 30분(이하 한국시간) 영국 맨체스터의 에티하드 스타디움에서 열린 2024-2024 잉글랜드 프로축구 프리미어리그(EPL) 12라운드 원정 경기에서 맨시티를 4대0으로 대파했다.11월 A매치 기간 홍명보호 한국 축구대표팀에서 득점포를 가동하고 토트넘으로 돌아간 주장 손흥민은 왼쪽 측면 공격수로 선발 출전해 도움 1개를 추가했다. 전반 13분에 나온 제임스 매디슨의 선제골로 앞서간 토트넘은 손흥민의 날카로운 패스 덕에 7분 만에 추가 골을 넣었다. 토트넘이 전방 압박 끝에 공을 빼앗자 페널티 지역에서 공을 잡은 손흥민은 맨시티 수비진의 허를 찌르는 침투 패스로 동료 매디슨의 득점을 도왔다.전반을 2대0으로 압도한 토트넘은 후반 시작 7분 만에 풀백 쐐기 골까지 터뜨렸다. 빠른 공수 전환을 선보인 끝에 페드로 포로가 페널티 지역에서 강력한 오른발 슈팅으로 골망을 흔들었다. 손흥민은 팀의 승리 가능성이 높아진 후반 18분 브레넌 존슨과 교체돼 그라운드를 떠났다. 이후 존슨은 후반 추가 시간 티모 베르너가 문전으로 찔러준 침투패스를 침착하게 마무리하며 토트넘의 4대0 대승을 완성했다.이날 손흥민이 기록한 도움은 올 시즌 네 번째 도움으로 지난 3일 애스턴 빌라전(4대1 승) 이후 2경기 만에 쌓은 공격포인트다. 올 시즌 손흥민은 3골 4도움을 기록 중이다. 손흥민은 이로써 2015년 토트넘에 입단한 이후 EPL에서 어시스트 66개를 쌓았다. 이는 역대 토트넘 선수 가운데 2위 기록이다.맨시티를 대파한 토트넘의 다음 경기 일정은 오는 12월 1일 밤 10시 30분 홈구장인 토트넘 홋스퍼 스타디움에서 풀럼FC를 상대하는 13라운드다.
",토트넘은 2024-2024 잉글랜드 프로축구 프리미어리그 12라운드 원정 경기에서 맨시티를 4대0으로 대파하고 4호 도움을 작성하는 맹활약으로 팀의 승리를 이끌었다.
중앙일보,https://n.news.naver.com/mnews/article/025/0003401683?sid=104,"손흥민 A매치 51호골…홍명보호, 팔레스타인전 전반 1-1","
  



팔레스타인전 동점골 직후 사진찍기 세리머니를 선보이는 손흥민. 연합뉴스                           홍명보 감독이 이끄는 축구대표팀이 중동의 복병 팔레스타인과의 원정 맞대결 전반을 1-1로 마쳤다.      홍명보 감독이 이끄는 한국은 19일 요르단 암만의 암만국제경기장에서 열린 북중미월드컵 아시아 3차 예선 B조 6차전 원정경기에서 팔레스타인에 선제 실점했지만, 손흥민(토트넘)의 만회골을 앞세워 1-1로 승부의 균형을 되찾은 채 전반을 마쳤다.      실점은 전반 12분에 나왔다. 중앙수비수 김민재(바이에른 뮌헨)가 골키퍼 조현우(울산)에게 건넨 땅볼 백패스를 상대 공격수 자이드 쿤바르가 뛰어들어 가로챈 뒤 조현우를 따돌리고 비어 있는 골대에 차 넣었다. B조 앞선 5경기에서 4승1무(승점 13점)로 무패 행진을 이어 온 한국이 먼저 실점을 허용한 건 이번이 처음이다. 반대로 무승(2무3패)의 늪에 빠진 팔레스타인은 처음으로 선제골을 넣었다.      



팔레스타인전에서 오른발 인프런트 킥으로 동점골을 터뜨리는 손흥민. 연합뉴스                           다소 무거워지는 듯하던 그라운드 분위기를 주장 겸 에이스 손흥민이 동점골 한 방으로 되살렸다. 실점 이후 4분 만인 전반 16분, 왼쪽 측면을 파고든 이명재(울산)가 시도한 땅볼 크로스를 정면에서 이재성(마인츠)이 손흥민에게 논스톱으로 건넸다. 상대 골대 왼쪽 측면을 파고들던 손흥민은 이 볼을 받아 침착한 오른발 땅볼 슈팅으로 마무리했다.      동점골과 함께 손흥민은 자신의 131번째 A매치에서 통산 득점을 51골로 끌어올렸다. 황선홍 대전하나시티즌 감독(50골)을 밀어내고 통산 득점 부문 단독 2위로 올라섰다. 역대 1위 차범근 전 축구대표팀 감독(58골)과의 격차는 7골로 좁혔다. 뿐만 아니라 올 한해 A매치에서 10번째 득점을 기록하며 이 부분 신기록도 세웠다. 지난 2015년 자신이 세운 종전 기록(9골)을 스스로 뛰어넘어 최초로 두 자릿수 득점의 주인공이 됐다.      51골을 넣는 동안 손흥민은 오른발로 32골, 왼발로 15골, 머리로 4골을 각각 기록했다. 전반과 후반에 각각 18골과 30골을 넣었고 연장전에도 3골을 보탰다. 이재성은 팔레스타인전 동점골 어시스트로 또 한 번 ‘손흥민 특급 도우미’를 입증했다. 손흥민의 51골 중 이재성의 도움을 받아 성공시킨 득점이 6골에 이른다. 이강인(파리생제르맹)과 기성용(서울)이 3골씩을 도와 공동 2위다.        



득점 직후 어시스트를 기록한 이재성(10번)과 하이파이브를 나누는 손흥민. 사진 대한축구협회                           홍명보 감독은 앞서 쿠웨이트와의 5차전(3-1승) 선발 라인업을 변동 없이 기용했다. 4-2-3-1 포메이션을 기준으로 최전방에 오세훈(마치다 젤비아)를 세우고 2선에 손흥민과 이재성, 이강인을 배치했다. 중원에 황인범(페예노르트)과 박용우(알아인)를 세워 공격과 수비의 연결고리 역할을 맡겼고, 포백 디펜스라인은 왼쪽부터 이명재-김민재-조유민(샤르자)-설영우(츠르베나 즈베즈다)로 꾸렸다. 수문장 역할은 조현우가 맡았다.        한편 한국인 신태용 감독이 이끄는 인도네시아는 자카르타에서 열린 홈경기에서 중동 최강 사우디아라비아를 상대로 2-0 완승을 거두며 아시아 3차 예선 첫 승을 거뒀다. 앞선 5경기에서 선전하고도 단 한 번의 승리도 거두지 못한 채 무승(3무2패)의 부진에 빠져 있던 인도네시아는 홈 팬들 앞에서 귀중한 승점 3점을 획득하며 4위로 뛰어올라 4차 예선(각조 3~4위 출전) 합류의 기대감을 높였다.        같은 조 북한은 우즈베키스탄에 0-1로 패해 6연속 무승(2무4패)의 부진에서 벗어나지 못 했다. C조의 중국은 일본에 1-3으로 패해 최근 2연승 행진을 마감했다. 일본은 6경기 연속 무패(5승1무)로 C조 선두를 질주했다.      



사우디아라비아를 2-0으로 꺾고 월드컵 3차예선 첫 승을 거둔 인도네시아의 신태용 감독(왼쪽 두 번째)이 코칭스태프와 얼싸 안고 기쁨을 나누고 있다. EPA=연합뉴스    
",홍명보 감독이 이끄는 축구대표팀이 중동의 복병 팔레스타인과의 원정 맞대결 전반을 1-1로 마쳤다. B조 앞선 5경기에서 무패 행진을 이어 온 한국이 먼저 실점을 허용한 건 이번이 처음이다. 반대로 무승의 늪에 빠진 팔레스타인은 처음으로 선제골을 넣었다. 통산 득점 부문 단독 2위로 올라섰으며 역대 1위 차범근 전 축구대표팀 감독과의 격차는 7골로 좁혔다.
서울경제,https://n.news.naver.com/mnews/article/011/0004419741?sid=102,"""5억 밑으로는 안 돼"" 손흥민父 고소한 40대, 별개 무고 사건으로 '유죄'","
인터넷 도박하고 허위 고소·스토킹 혐의에 재판 넘겨져항소심에서 징역 1년 6개월에 집행유예 3년 선고



축구 국가대표 손흥민 선수의 부친 손웅정 SON축구아카데미 감독. 연합뉴스[서울경제] 축구 국가대표 손흥민 선수의 부친 손웅정 SON축구아카데미 감독을 아동학대 혐의로 고소하고 합의금 5억 원을 요구한 남성 A(44)씨가 재판에서 스토킹·무고 등의 혐의로 유죄 판결을 받은 사실이 뒤늦게 알려졌다.26일 법조계에 따르면 인천지법 제2-2형사부(재판장 진원두)는 지난 15일 스토킹·무고 혐의로 기소된 A씨에게 징역 1년 6개월에 집행유예 3년을 선고했다. 이번 재판은 항소심이며, 형량은 1심과 동일하다.A씨는 지난 2016년 도박 혐의로 자신의 계좌가 압류될 위기에 처하자 지인 B씨의 계좌에 자금을 입금하는 방식으로 인터넷 도박을 하고 ""B씨에게 계좌이체 등 방법으로 손해를 입었다""는 허위 고소장을 작성한 혐의(무고)로 재판에 넘겨진 것으로 알려졌다. 이와 함께 다른 피해자에게 2021년 11월부터 2022년 6월까지 103회에 걸쳐 사회관계망서비스(SNS) 메시지를 보내는 방식으로 스토킹한 혐의도 받고 있다.1심 재판부는 ""피고인은 지속적 또는 반복적으로 피해자의 의사에 반해 정당한 이유 없이 정보통신망을 이용하여 피해자에게 불안감 또는 공포심을 일으키는 스토킹 행위를 했다""고 판결 이유를 설명했다.A씨는 앞서 SON축구아카데미에 다니는 아들이 지도자로부터 욕설, 폭언 등 정신적 학대는 물론, 폭행, 얼차려 등 신체적 학대를 받았다며 손 감독과 코치들을 경찰에 고소한 인물로 알려졌다. 고소장에 따르면 A씨 아들은 함께 경기한 선수들이 졌다는 이유로 20초 안에 골대에서 중앙선까지 뛰어오라는 지시를 받았고, 이를 제대로 수행하지 못하자 코치에게 엎드린 자세로 엉덩이를 코너킥 봉으로 맞았다고 진술했다. 또 지난 3월 일본 오키나와 전지훈련에서는 실수했다는 이유로 손 감독으로부터 욕설을 들었고, 숙소에서는 코치들이 엉덩이와 종아리를 여러 차례 때리거나 구레나룻을 잡아당기고 머리 부위를 가격했다고 말했다.이 과정에서 A씨는 손 감독 측에 5억 원의 합의금을 요구한 사실이 녹취록을 통해 알려졌다. A씨는 손 감독 측 법률대리인인 김형우 법무법인 명륜 변호사에게 ""(손흥민이) 전 세계 스포츠 스타고, 거기다가 손 감독도 유명하다""면서 ""만약 세상에 안 알리고 좋게 한다고 그러면, 솔직하게 얘기해서 지금은 돈뿐이 없지 않냐""며 ""저는 (돈을) 조금 받고는 절대 (합의)할 생각 없다. 다 비밀로 해야 한다고 하면 5억 이상은 받아야 된다고 생각한다""고 합의금에 대한 의견을 밝혔다.손 감독 측은 입장문을 통해 ""마음의 상처를 받은 아이와 그 가족분들께 깊은 사과의 뜻을 전한다. 다만 고소인의 주장 사실은 진실과는 다른 부분이 많다""며 ""제 모든 것을 걸고 맹세컨대 아카데미 지도자들의 행동에 있어서 아이들에 대한 사랑이 전제되지 않은 언행은 결코 없었다""고 혐의를 부인했다.이 사건에 대해 검찰은 지난 8월 아동복지법 위반 혐의로 손 감독과 코치 2명을 약식 기소했다. 아카데미 운영에 영향을 미칠 수 있는 아동 관련 기관 취업 제한 명령은 요청하지 않았다. 이에 춘천지법 형사2단독(김택성 부장판사)은 10월 검찰 청구액과 같은 벌금 각 300만 원의 약식명령을 내렸다. 또 피고인들에게 각 40시간의 아동학대 치료프로그램 이수도 명령했다. 약식명령은 혐의가 비교적 가벼운 사인에서 서면 심리만으로 벌금이나 과태료 등을 부과하는 절차다.
",손웅정 SON축구아카데미 감독을 아동학대 혐의로 고소하고 합의금 5억 원을 요구한 남성 A(44)씨가 재판에서 스토킹·무고 등의 혐의로 유죄 판결을 받은 사실이 뒤늦게 알려졌다.
뉴스1,https://n.news.naver.com/mnews/article/421/0007935407?sid=104,[포토] AS로마 전 득점 기회 놓치고 아쉬워하는 손흥민,"




(런던 AFP=뉴스1) 우동명 기자 = 토트넘의 손흥민이 28일 (현지시간) 런던의 토트넘 홋스퍼 스타디움에서 열린 UEFA 유로파리그(UEL) 리그 페이즈 5차전 AS 로마와 경기서 득점 기회를 놓친 뒤 아쉬워 하고 있다. 2024.11.29ⓒ AFP=뉴스1
		",토트넘의 손흥민이 28일 UEFA 유로파리그 리그 페이즈 5차전 AS 로마와 경기서 득점 기회를 놓친 뒤 아쉬워 하고 있다.
뉴스1,https://n.news.naver.com/mnews/article/421/0007935413?sid=104,[포토] AS 로마와 경기서 볼 컨트롤하는 토트넘의 손흥민,"




(런던 AFP=뉴스1) 우동명 기자 = 토트넘의 손흥민이 28일 (현지시간) 런던의 토트넘 홋스퍼 스타디움에서 열린 UEFA 유로파리그(UEL) 리그 페이즈 5차전 AS 로마와 경기서 볼을 컨트롤하고 있다. 2024.11.29ⓒ AFP=뉴스1
		",토트넘의 손흥민이 28일 UEFA 유로파리그 리그 페이즈 5차전 AS 로마와 경기서 볼을 컨트롤하고 있다.
MBC,https://n.news.naver.com/mnews/article/214/0001388937?sid=102,"손흥민 아버지 고소 학부모, 다른 사건 항소심서 유죄","




손웅정 SON축구아카데미 감독 [자료사진제공:연합뉴스]국가대표 축구 선수 손흥민의 아버지인 손웅정 감독을 아동학대 혐의로 고소한 40대 학부모가 무고 등 혐의로 기소된 항소심에서 집행유예를 선고받았습니다.인천지법은 무고와 스토킹 범죄의 처벌 등에 관한 법률 위반 등 혐의로 기소된 40대 남성에게 1심과 같은 징역 1년 6개월에 집행유예 3년을 선고했습니다.해당 남성은 지난 2020년 5월 ""이익을 보게 해주겠다고 접근해 손해를 입혔다""며 지인을 허위로 고소한 혐의 등으로 재판에 넘겨졌습니다.또 2021∼2022년 다른 피해자에게 백차례 넘게 온라인 메시지를 보내 스토킹한 혐의도 받고 있습니다.항소심 재판부는 ""피고인이 일부 혐의는 무죄라고 주장했지만, 여러 증거를 보면 유죄가 인정된다""며 ""1심 양형이 부당하지도 않다""고 설명했습니다.해당 남성은 지난 3월 자녀가 손 감독과 코치들로부터 학대당했다며 경찰에 고소한 바 있습니다.
",손웅정 감독을 아동학대 혐의로 고소한 40대 학부모가 무고와 스토킹 범죄의 처벌 등에 관한 법률 위반 등 혐의로 기소된 항소심에서 1심과 같은 징역 1년 6개월에 집행유예 3년을 선고받았다.
한국경제,https://n.news.naver.com/mnews/article/015/0005058720?sid=104,"'손흥민 인종차별' 벤탕쿠르, 7경기 출전정지＋벌금 2억원","




사진=연합EPA팀 동료인 손흥민(토트넘)에게 인종차별성 발언을 해 도마 위에 오른 로드리고 벤탕쿠르가 7경기 출전 정지와 함께 벌금 1만파운드(약 1억8000만원)의 징계를 받았다.잉글랜드축구협회(FA)는 18일(이하 현지시간) 성명을 통해 ""벤탕쿠르가 부적절한 태도로 행동하거나 학대 또는 모욕적인 말을 사용해 경기의 평판을 나쁘게 함으로써 FA 규정을 위반했다""면서 이 같은 징계를 내렸다고 밝혔다.이어 ""벤탕쿠르는 혐의를 부인했지만, 독립 규제위원회는 청문회를 거쳐 혐의가 입증됐다고 판단해 제재를 부과한다""고 덧붙였다.앞서 우루과이 출신의 벤탕쿠르는 지난 6월 자국 방송 프로그램에 출연해 손흥민과 관련된 발언으로 논란을 빚었다. 진행자로부터 '손흥민의 유니폼을 구해달라'는 요청을 받은 벤탕쿠르는 ""손흥민 사촌 유니폼을 가져다줘도 모를 것이다. 손흥민이나 그의 사촌이나 똑같이 생겼다""라고 말했다. 이는 '동양인은 모두 똑같이 생겼다'는 인종차별적 인식이 드러난 발언이었다.비판이 쏟아지자 벤탕쿠르는 자신의 사회관계망서비스(SNS)를 통해 손흥민에게 사과의 글을 남겼고, 손흥민은 벤탕쿠르의 사과를 받아들이는 내용의 SNS 글을 올렸다.하지만 축구계 인종차별 반대 운동을 벌여온 단체인 '킥잇아웃'이 이 사건과 관련한 여러 제보를 토트넘 구단과 당국에 전달하는 등 논란이 확산하면서 FA는 지난 9월 징계 절차에 들어갔다.한편 2024~2025시즌 잉글랜드 프리미어리그(EPL)에서 현재 5승 1무 5패로 10위에 처져 반등이 시급한 토트넘으로서는 주축 미드필더 벤탕쿠르의 징계로 더 큰 부담을 안게 됐다.
","잉글랜드축구협회(FA)는 18일 성명을 통해 벤탕쿠르가 부적절한 태도로 행동하거나 학대 또는 모욕적인 말을 사용해 경기의 평판을 나쁘게 함으로써 FA 규정을 위반했다""면서 7경기 출전 정지와 함께 벌금 1만파운드(약 1억8000만원)의 징계를 받았다고 밝혔다."
뉴스1,https://n.news.naver.com/mnews/article/421/0007935403?sid=104,[포토] AS로마 전 페널티킥 선제 골 넣고 환호하는 손흥민,"




(런던 AFP=뉴스1) 우동명 기자 = 토트넘의 손흥민이 28일 (현지시간) 런던의 토트넘 홋스퍼 스타디움에서 열린 UEFA 유로파리그(UEL) 리그 페이즈 5차전 AS 로마와 경기서 페널티킥 선제골을 터트린 뒤 기뻐하고 있다. 2024.11.29ⓒ AFP=뉴스1
		",토트넘의 손흥민이 28일 UEFA 유로파리그 리그 페이즈 5차전 AS 로마와 경기서 선제골을 터트린 뒤 기뻐하고 있다.
SBS,https://n.news.naver.com/mnews/article/055/0001206372?sid=104,손흥민 통산 50호 골…쿠웨이트 꺾고 4연승,"




<앵커>

우리 축구대표팀이 북중미월드컵 3차 예선에서 쿠웨이트를 3대 1로 꺾고 4연승으로 조 선두를 굳게 지켰습니다. 주장 손흥민 선수가 A매치 통산 50호 골을 터뜨리며 승리를 이끌었습니다.

전영민 기자입니다.

<기자>

허벅지 부상에서 돌아온 손흥민이 왼쪽 측면 공격수로 나서 공격을 이끈 대표팀은 쿠웨이트 원정에서 전반 10분 만에 선제골을 터뜨리며 순조롭게 출발했습니다.

황인범이 오른 측면에서 긴 크로스를 올리자 장신 공격수 오세훈이 펄쩍 뛰어올라 헤더 선제골로 마무리했습니다.




첫 골 넣는 오세훈 (사진=연합뉴스)
오세훈은 지난달 이라크전에서 A매치 데뷔골을 터뜨린 데 이어 2경기 연속골의 감격을 누렸습니다.

그리고 9분 뒤 추가 골까지 뽑아냈습니다.




'찰칵!' 세리머니하는 손흥민 (사진=연합뉴스)
황인범과 이재성 손흥민이 물 흐르는 듯한 원터치 패스를 주고받으며 수비를 허물었고 손흥민이 문전으로 파고들다 상대 파울로 페널티킥을 얻어내 직접 마무리했습니다.

손흥민은 A매치 통산 130번째 경기에서 50호 골을 터뜨리며 한국 선수 최다 득점 공동 2위로 올라섰습니다.

두 골 차 리드를 안은 대표팀은 후반 15분 상대의 예리한 발리슛 한 방을 얻어맞고 실점했지만 실점 직후 손흥민 대신 배준호를 투입해 분위기를 바꿨고, 이 교체 카드가 적중했습니다.

황인범의 예리한 침투패스를 받은 배준호가, 침착하게 수비 한 명을 제친 뒤 오른발 슈팅으로 골문 구석을 찔러 쐐기를 박았습니다.




세번째 골 만들어내는 배준호 (사진=연합뉴스)
4연승을 달린 대표팀은 B조 선두를 굳건히 지키며 본선행에 한발 더 다가섰습니다.

대표팀은 훈련장 환경이 좋은 쿠웨이트에 남아 조직력을 더 다진 뒤, 오는 일요일, 팔레스타인전이 열리는 요르단으로 이동합니다.

(영상취재 : 정상보, 영상편집 : 장현기)
		",우리 축구대표팀이 북중미월드컵 3차 예선에서 쿠웨이트를 3대 1로 꺾고 4연승으로 조 선두를 굳게 지켰다.
국민일보,https://n.news.naver.com/mnews/article/005/0001741477?sid=102,손흥민父에 5억 달라던 학부모…별개 무고 사건서 유죄,"
손흥민父·코치 등 아동학대 혐의 고소, 합의금 요구했던 학부모지인 상대 무고한 혐의 등으로 2심서 집유 선고



손웅정 SON축구아카데미 감독. 연합뉴스국가대표 축구선수 손흥민의 아버지 손웅정 SON축구아카데미 감독을 아동학대 혐의로 고소한 학부모가 별개의 무고 사건에서 최근 유죄를 선고받은 것으로 알려졌다.인천지법 형사항소2-2부(재판장 진원두)는 무고와 스토킹 범죄의 처벌 등에 관한 법률 위반 등 혐의로 기소된 40대 남성 A씨에게 1심과 같은 징역 1년 6개월에 집행유예 3년을 선고했다고 26일 밝혔다.A씨는 2020년 5월 “이익을 보게 해주겠다고 접근해 손해를 입혔다”며 지인을 허위 고소한 혐의로 재판에 넘겨졌다. A씨는 과거 도박 혐의로 계좌가 압류될 위기에 처하자 지인의 계좌에 자금을 이체해 도박을 한 뒤 허위 고소장을 제출한 것으로 조사됐다.또 2021~2022년 다른 피해자에게 “경찰 조사 잘 받고 죄를 지었으면 벌 받아라” 등 온라인 메시지를 100여차례 보내 스토킹한 혐의도 받는다.A씨는 지난 3월 자녀가 손 감독과 코치들한테서 학대당했다며 경찰에 고소한 인물이다. 당시 A씨는 손 감독에게 합의금으로 최소 5억원을 요구했던 것으로 전해졌다.한편 손 감독과 코치 2명은 아동복지법상 아동학대 혐의로 약식 기소돼 지난달 벌금 300만원의 약식명령을 받았다.
		",손 감독과 코치 2명은 아동복지법상 아동학대 혐의로 약식 기소돼 벌금 300만원의 약식명령을 받았다.
뉴스1,https://n.news.naver.com/mnews/article/421/0007928088?sid=102,"손흥민父에 ""5억 달라"" 그 학부모…별개 사건서 '무고·스토킹' 유죄","
지인 허위 고소, SNS 100차례 메시지법원, 징역 1년 6개월·집행유예 3년 선고



축구선수 손흥민의 아버지인 손웅정 SON축구아카데미 감독. 2024.6.26/뉴스1 ⓒ News1 신웅수 기자(인천=뉴스1) 박소영 기자 = 국가대표 손흥민 선수의 부친인 손웅정 감독(62)을 고소한 학부모가 별개 사건으로 항소심에서 유죄를 선고받았다.인천지법 형사항소2-2형사부(재판장 진원두)는 무고와 스토킹 범죄의 처벌 등에 관한 법률 위반 등 혐의 혐의로 기소된 A 씨(44·남)에게 1심과 같은 징역 1년 6개월에 집행유예 3년을 선고했다고 15일 밝혔다. A 씨는 2020년 5월 ""이익을 보게 해주겠다고 접근해 손해를 입혔다""며 지인을 허위로 고소한 혐의 등으로 기소됐다.A 씨는 또 다른 피해자에게 2021년 11월부터 2022년 6월까지 103차례에 걸쳐 “경찰 조사 잘 받고 죄를 지었으면 벌 받아라” 등의 SNS(소셜네트워크서비스) 메시지를 보낸 혐의로도 기소됐다.재판부는 ""피고인과 검사가 주장하는 양형 부당의 사유는 대부분 원심이 충분히 고려한 사정들로 보인다""며 ""원심의 형이 지나치게 무겁거나 가벼워서 부당하다고 볼 수 없다""고 밝혔다.A 씨는 앞서 자신의 아들이 손웅정 감독으로부터 수시로 심한 욕설을 들었다며 손 감독과 그 코치 등을 아동학대 혐의로 고소했다. 이후 합의금 5억 원을 요구하기도 했다. 춘천지법 형사11단독 김택성 판사는 같은 혐의로 약식 기소된 손 감독과 코치 등 3명에게 검찰 청구액과 같은 벌금 각 300만 원의 약식명령을 내렸다.
		",손웅정 감독을 고소한 학부모가 무고와 스토킹 범죄의 처벌 등에 관한 법률 위반 등 혐의 혐의로 징역 1년 6개월에 집행유예 3년을 선고받았다. A 씨는 지인을 허위로 고소한 혐의 등으로 기소됐다. A 씨는 또 다른 피해자에게 SNS 메시지를 보낸 혐의로도 기소됐다. 재판부는 양형 부당의 사유는 대부분 원심이 충분히 고려한 사정들로 보인다며 원심의 형이 지나치게 무겁거나 가벼워서 부당하다고 볼 수 없다고 밝혔다.
TV조선,https://n.news.naver.com/mnews/article/448/0000488935?sid=104,"""토트넘, 손흥민과 장기 재계약 대신 1년 계약 연장 절차""","




/REUTERS=연합뉴스토트넘 홋스퍼(잉글랜드)가 손흥민과 장기 재계약 대신 '1년 추가 동행'을 결정하고 구체적인 계약 연장 절차를 시작했다는 소식이 전해졌다.유럽 이적시장에 정통한 걸로 알려진 언론인 파브리치오 로마노는 ""토트넘이 손흥민과 계약을 2026년 6월까지 연장하는 계약 조항을 발동하는 절차를 시작했다""고 전했다.그러면서 ""손흥민은 최소한 (기존 계약보다) 한 시즌 더 토트넘과 동행한다""고 덧붙였다.토트넘은 손흥민과 2021년 7월 마지막 계약을 체결했다.당시 4년 계약을 맺은 양측의 동행은 2025년에 끝난다.다만 토트넘이 1년 더 계약을 연장할 수 있는 옵션을 보유한 걸로 알려졌다.토트넘은 당장 손흥민과 새 계약을 맺기보다는 기존 옵션을 발동하는 쪽으로 마음을 굳힌 걸로 보인다.영국 일간 텔레그래프는 앞서 ""토트넘은 손흥민에게 계약 연장 옵션을 행사한다는 사실만 알리면 된다. 토트넘과 손흥민 모두 이에 동의하고 있다""고 보도한 바 있다.2024-2025시즌을 마지막으로 손흥민과의 계약이 끝나게 되면서 팬들은 재계약 여부에 관심을 쏟았지만, 토트넘은 침묵을 지켜왔다.손흥민이 32살에 접어든 가운데 에이징 커브를 고려해야 하는 토트넘에 부담스러운 장기 재계약보다 옵션 행사가 현실적 선택이라는 게 현지 언론의 분석이다.전 세계 스포츠 선수 연봉 분석 매체인 스포트랙에 따르면 손흥민은 주급으로 19만파운드(3억3천만원)를 챙긴다. 팀 내 1위다.
		","토트넘 홋스퍼가 손흥민과 장기 재계약 대신 '1년 추가 동행'을 결정하고 구체적인 계약 연장 절차를 시작했다는 소식이 전해졌는데, 유럽 이적시장에 정통한 걸로 알려진 언론인 파브리치오 로마노는 ""토트넘이 손흥민과 계약을 2026년 6월까지 연장하는 계약 조항을 발동하는 절차를 시작했다""고 전했다."
파이낸셜뉴스,https://n.news.naver.com/mnews/article/014/0005272040?sid=104,"“손흥민, 내년 토트넘 떠난다” 외신 충격 주장 … 이를 뒷받침하는 근거들","
비인스포츠 ""손흥민, 연장계약 안하고 내년 팀 떠날 것""최근 손흥민 인종차별 벤탕쿠르 관련 묘한 기류손흥민의 주장 권위 땅바닥에 떨어져""손흥민, 장기계약 없다"" 보도 줄이어 과거 요리스 떠난 과정과 매우 흡사 



토트넘 홋스퍼의 손흥민(오른쪽)이 23일(현지시각) 영국 맨체스터의 에티하드 스타디움에서 열린 2024-25 프리미어리그(EPL) 12라운드 맨체스터시티와 경기 전반 20분 본인의 도움으로 팀 두 번째 골을 넣은 제임스 매디슨과 환호하고 있다. 손흥민은 도움(리그 4호)을 추가하며 63분을 소화했고 토트넘은 4-0 대승을 거뒀다. 뉴시스 [파이낸셜뉴스] 손흥민이 팀을 떠날 것이라는 충격적인 주장이 나왔다. 물론, 손흥민과 토트넘이 연장계약을 체결하지 않을 것이라는 이야기는 이미 많이 나왔다. 하지만 손흥민과 토트넘이 상호간에 1년 연장계약조차 하지 않고 팀을 떠날 것이라는 이야기가 나온 것은 처음이라 더욱 충격을 주고 있다.   글로벌 스포츠매체 비인 스포츠는 “이번 시즌이 끝나면 손흥민이 떠날까”라는 기사를 게재하면서 “손흥민은 올 시즌이 끝나게 되면 토트넘을 떠나게 될 것”이라고 말했다. 손흥민이 1년 연장계약을 체결하지 않는다면 계약 기간은 내년 6월까지다. 따라서 만일 연장계약을 체결하지 않는다면 보스만룰에 의거해 내년부터는 자유롭게 모든 팀들과 협상이 가능하다.   비인스포츠는 “손흥민과 토트넘 양 측은 모두 1년 연장계약 옵션을 갖고 있지만, 이를 발동하지 않기로 합의했다”며 “이는 손흥민이 새로운 도전에 나설 수 있음을 의미하며 토트넘 입장에서는 한 시대의 종말을 의미한다”고 말했다.   사실, 얼마 전에만 나왔어도 이런 보도는 무시할 수 있었다. 하지만 상황은 하루가 다르게 바뀌고 있다. 특히, 토트넘은 최근 로드리고 벤탕쿠르가 손흥민에 대한 인종차별 징계에 대해 강하게 반발하며 더욱 손흥민의 심기를 건드리고 있다.   포스테코글루 감독은 한술 더 떠 “벤탕쿠르의 인성은 완벽하다. 구단의 징계 항소에 대해서 적극 지지한다”고 밝힌 바 있다.   다른 누구도 아닌 팀내 주장 손흥민에게 인종차별을 한 선수를 구단이 적극 옹호하는 웃지 못할 상황이 펼쳐지고 있는 것이다. 손흥민의 귄위가 땅바닥에 떨어질 수밖에 없다.  



최근 토트넘은 손흥민에게 인종차별을 한 로드리고 벤탕쿠르의 징계에 대해서 강하게 반발하며 항소 예정이라고 밝혔다. 주장 손흥민의 권위가 떨어지는 것은 당연한 수순이다. 연합뉴스 여기에 토트넘 입장에서도 1년 연장계약 옵션은 사실상 이적료를 챙기기 위한 수단이라는 이야기가 많다. 손흥민과 1년 연장계약을 한 이후에 손흥민을 이적료를 받고 비싸게 팔기 위한 시간을 벌기 위함이라는 것이다. 따라서 손흥민 입장에서는 차라리 지금 정상급 기량을 유지할 때 새로운 팀을 찾아서 좋은 계약을 1년이라도 빨리 하는 것이 더 나을 수도 있다.   여기에 과거 오랜 기간 토트넘에서 주장 역할을 수행했던 요리스가 손흥민에게 주장 완장을 넘겨주고 쓸쓸하게 미국으로 떠난 과거는 손흥민이 토트넘에 헌신했다고 해서 절대 이를 알아주지 않을 것이라는 명확한 근거가 된다.   아직 확실하게 나온 것은 없다. 하지만 많은 근거들이 비인 스포츠가 제시한 상황을 뒷받침하고 있다. 비인 스포츠는 ""현재로서 손흥민은 다음 행선지를 찾아 나설 것""이라고 덧붙였다.   한편, 손흥민은 23일 펼쳐진 맨시티와의 경기에서 리그 4호 도움을 기록하며 4-0 승리를 이끌었다. #손흥민 #토트넘  
",토트넘은 손흥민에게 인종차별을 한 로드리고 벤탕쿠르의 징계에 대해 강하게 반발하며 항소 예정이라고 밝혔고 토트넘 입장에서도 1년 연장계약 옵션은 사실상 이적료를 챙기기 위한 수단이라는 이야기가 많으며 비인 스포츠는 현재로서 손흥민은 다음 행선지를 찾아 나설 것이라고 덧붙였다.
파이낸셜뉴스,https://n.news.naver.com/mnews/article/014/0005271642?sid=104,"토트넘, 손흥민한테 이래도 되나... 감독 ""벤탕쿠르 인성 최고, 징계 항소 전격 지지""","
토트넘, 인종차별 벤탕쿠르에 징계 항소 감독 ""벤탕쿠르 인성 최고.. 항소 전격 지지"" 



포스테코글루 감독이 손흥민을 향해 인종차별을 한 벤탕쿠르의 징계 항소를 전격 지지한다며 ""그의 인성이 훌륭하다""고 지지해 논란이 되고 있다. 연합뉴스 [파이낸셜뉴스] 주장의 권위가 땅에 떨어졌다. 팀의 주장을 향해 인종차별적 발언을 했는데 팀의 이득을 위해서 ""그의 인성이 훌륭하다""라고 감싸는 이런 어이없는 행태가 소위 명문팀이라는 토트넘에서 벌어지고 있다.   안지 포스테코글루 토트넘(잉글랜드) 감독이 손흥민에게 인종 차별적인 언사로 잉글랜드축구협회(FA)로부터 7경기 출전 정지 제재를 받은 로드리고 벤탕쿠르의 징계가 너무 무겁다며 낸 구단의 이의신청을 전적으로 지지한다고 밝혔다.   22일 영국 스카이스포츠에 따르면 포스테코글루 감독은 ""과도한 징계에 이의 신청한 구단의 결정을 완전히 지지한다""고 말했다.   FA의 징계를 앞두고 벤탕쿠르와 이야기를 나눴다는 포스테코글루 감독은 ""그는 자기 잘못을 알고, 어떤 징계도 받아들일 준비가 돼 있었다""고 덧붙였다.   포스테코글루 감독은 ""한 가지 부인할 수 없는 점은 그가 정말 뛰어난 사람이고, 굉장한 팀원이며, 실수를 저지르긴 했지만, 최고의 인성을 가진 선수라는 것""이라고 벤탕쿠르의 됨됨이를 칭찬했다.   그러면서 ""구단 차원에서 우리는 벤탕쿠르를 지원할 것""이라고 강조했다.  



7경기 출장 정지에 1억 8000만원 징계를 받게 된 로드리고 벤탕쿠르. 연합뉴스 앞서 토트넘은 손흥민에게 인종차별 발언을 해 FA로부터 7경기 출전 정지와 벌금 10만파운드(약 1억8000만원) 징계를 받은 로드리고의 처벌 수위가 지나치게 높다며 이의신청했다.   우루과이 출신의 벤탕쿠르는 지난 6월 자국 방송 프로그램에 출연해 손흥민과 관련된 발언으로 논란을 일으켰다.   진행자로부터 '손흥민의 유니폼을 구해달라'는 요청을 받은 벤탕쿠르가 ""손흥민 사촌 유니폼을 가져다줘도 모를 것이다. 손흥민이나 그의 사촌이나 똑같이 생겼다""고 말했다.   '동양인은 모두 똑같이 생겼다'는 인종차별적 인식이 드러난 발언이었다. 팬들의 거센 비난이 이어지자 벤탕쿠르는 자신의 소셜미디어(SNS)를 통해 손흥민에게 사과의 글을 남겼다.   손흥민이 벤탕쿠르의 사과를 받아들이는 내용의 SNS 글을 올렸으나 축구계 인종차별 반대 운동을 벌여온 단체인 '킥잇아웃'이 이 사건과 관련한 여러 제보를 토트넘 구단과 당국에 전달하며 징계 절차가 시작됐다. #손흥민 #토트넘 #포스테코글루 #벤탄크루  
",안지 포스테코글루 감독이 벤탕쿠르의 징계가 너무 무겁다며 낸 구단의 이의신청을 전적으로 지지한다고 밝혔다.
매일경제,https://n.news.naver.com/mnews/article/009/0005399451?sid=104,"손흥민, A매치 51호골 폭발…역대 최다 득점 단독 2위로","




 손흥민. 연합뉴스한국 축구대표팀의 주장 손흥민(토트넘)이 한국 남자축구 역대 최다 득점자 단독 2위로 올라섰다. 올해 A매치 10번째 골을 터뜨린 그는 자신의 한해 최다골 기록까지 경신하는 겹경사까지 누리게 됐다.손흥민은 19일 오후 11시(한국시각) 요르단 암만의 암만 국제경기장에서 시작된 팔레스타인과의 2026 북중미 월드컵 아시아지역 3차 예선 B조 6차전에서 전반 16분 승부의 균형을 맞추는 동점골을 터뜨렸다.5연승에 도전하는 홍명보 감독은 4-2-3-1 전술을 꺼내들었다. 선발로 나선 11명의 선수 명단은 지난 14일 진행된 쿠웨이트전과 동일했다.최전방에 이름을 올린 손흥민은 오세훈, 이강인과 함께 공격을 이끄는 역할을 담당했다. 중원은 이재성과 황인범, 박용우로 구성했다. 이명재와 김민재, 조유민, 설영우가 포백에 자리했고 골문은 조현우가 지켰다.한국은 경기 시작과 동시에 팔레스타인을 강하게 압박했다. 그러나 기다리던 골은 나오지 않았다. 손흥민과 오세훈 등은 적극적으로 공격에 나섰지만 마무리에서 아쉬움을 보이며 골맛을 보지 못했다.전반 12분 한국은 팔레스타인에 불의의 일격을 맞았다. 김민재의 패스 실수를 팔레스타인 공격수 자이드 퀀바르가 놓치지 않고 한국의 골망을 흔들었다.0대1로 끌려가던 한국을 구한 건 손흥민이었다. 이재성의 패스를 받은 손흥민은 날카로운 오른발 슈팅으로 승부의 균형을 맞췄다.A매치 통산 51번째 골을 터뜨린 손흥민은 황선홍을 따돌리고 최다 득점 단독 2위로 올라섰다. 1위 차범근과의 격차는 7골로 줄어들게 됐다.남은 시간 양 팀 모두 골을 성공시키지 못하며 전반은 1대1로 마무리됐다. 한국이 이날 경기를 승리로 장식하면 월드컵 본선 진출의 8부 능선을 넘게 된다. 한국은 지난 9월 1차전에서 무승부를 거뒀던 팔레스타인을 상대로 승점 3점 획득에 도전한다.
",한국 축구대표팀의 주장 손 씨는 팔레스타인과의 2026 북중미 월드컵 아시아지역 3차 예선 B조 6차전에서 동점골을 터트려 한국 남자축구 역대 최다 득점자 단독 2위로 올라섰다.
조선일보,https://n.news.naver.com/mnews/article/023/0003872489?sid=102,"[단독] 손흥민 父에 5억 요구, 항소심서도 징역형 집유","




축구선수 손흥민의 아버지인 손웅정 SON축구아카데미 감독이 26일 서울 강남구 코엑스에서 열린 2024 서울국제도서전에서 사인회를 하고 있다.  2024.6.26/뉴스1 ⓒ News1 신웅수 기자										국가대표 축구선수 손흥민(32)씨의 부친 손웅정(62) SON축구아카데미 감독을 아동학대 혐의로 고소하고 합의금 5억원을 요구한 남성 김모(44)씨가 스토킹·무고 등 혐의 항소심에서도 징역형의 집행유예를 선고받았다.법조계에 따르면, 인천지법 제2-2형사부(재판장 진원두)는 스토킹·무고 혐의로 기소된 김씨에게 지난 15일 1심과 같은 징역 1년 6개월에 집행유예 3년을 선고했다. 재판부는 “피고인과 검사가 주장하는 양형 부당의 사유는 대부분 원심이 충분히 고려한 사정들로 보인다”며 “원심의 형이 지나치게 무겁거나 가벼워서 부당하다고 볼 수 없다”고 했다.김씨는 본인의 아들인 A군이 손 감독으로부터 수시로 심한 욕설을 들은 것은 물론이고, 목덜미를 붙잡힌 채 밀쳐졌다며 지난 3월 손 감독을 아동학대 혐의로 고소했다. 이후 ‘손흥민 선수 이미지 마케팅 하는 비용이 얼만데, 돈이 아까운 것이냐’는 취지로 손 감독에게 합의금 5억원을 요구한 것으로 전해졌다. SON축구아카데미 관계자는 “아카데미 측이 김씨에 대한 엄벌 탄원서를 제출한 것으로 안다”고 했다



법원 로고 ⓒ News1 DB										본지 취재를 종합하면, 김씨는 지난 15일 별개 사건 항소심에서 징역 1년 6개월에 집행유예 3년을 선고 받았다. 김씨는 지난 2016년 도박 혐의로 본인의 계좌가 압류될 위기에 처하자 지인 B씨의 계좌에 자금을 입금하는 방식으로 인터넷 도박을 한 후 “B씨에게 계좌이체 등 방법으로 손해를 입었다”는 허위 고소장을 작성한 혐의(무고)를 받는다.또한, 김씨는 다른 피해자에 대해 2021년 11월부터 2022년 6월까지 103회에 걸쳐 “없는 얘기 지어내서 사람 깐족거리지 마셔라” “경찰 조사나 잘 받으시고 죄를 지었으면 벌 받으시라. 죄가 없다면 처벌 받지 않으시겠다” 등의 SNS 메시지를 보내는 방식으로 스토킹한 혐의도 받고 있다.이 같은 혐의로 김씨는 작년 10월 1심에서 징역 1년 6개월에 집행유예 3년을 선고 받았다. 피고인에 대한 보호관찰과 120시간의 사회봉사, 40시간의 스토킹예방강의 수강 명령도 함께 내려졌다. 1심 재판부는 “피고인은 지속적 또는 반복적으로 피해자의 의사에 반해 정당한 이유 없이 정보통신망을 이용하여 글·그림 등을 도달하게 해 피해자에게 불안감 또는 공포심을 일으키는 스토킹 행위를 했다”고 판시했다. 이뿐만 아니라 무고, 모욕, 정보통신망법상 명예훼손 등 김씨의 다른 혐의에 대해서도 유죄 판결을 내렸다.
",손웅정 SON축구아카데미 감독을 아동학대 혐의로 고소하고 합의금 5억원을 요구한 남성 김모씨가 스토킹·무고 등 혐의 항소심에서도 징역형의 집행유예를 선고받았다.
조선비즈,https://n.news.naver.com/mnews/article/366/0001033813?sid=004,올해 국가대표 일정 마친 손흥민 “3월에 웃는 얼굴로 만나길”,"
			        2024년 국가대표팀 일정을 마무리한 ‘캡틴’ 손흥민(토트넘)이 내년 3월 A매치 때 팬들과의 재회를 약속했다. 올해 A매치 일정이 끝난 손흥민은 영국 런던으로 돌아가 소속팀 일정을 소화할 예정이다. 오는 24일 맨체스터 시티 원정 경기부터 준비할 것으로 보인다.



손흥민. /대한축구협회 제공        손흥민은 21일 소셜미디어(SNS)를 통해 “올 한 해 행복하게 대표팀 생활하게 해주셔서 감사하다”며 “마지막 경기에서 승리하지 못해 아쉽지만, 이 마음이 대표팀을 더 배고프게 하고 성장하게 해줄 것”이라고 했다.이어 “소속팀에서 좋은 모습으로 다시 찾아뵙고, 우리 대표팀은 3월에 건강한 모습으로, 웃는 얼굴로 만날 수 있길 기대하겠다”며 “다들 진심으로 감사드린다. 대한민국 최고”라고 덧붙였다.올해 손흥민은 다사다난한 상황을 겪으면서도 새로운 기록을 썼다. 손흥민은 올 1월 아시안컵 정상에 도전했다가 4강에서 요르단에 패했다. 요르단의 4강전 전날엔 팀 동료인 이강인(파리생제르맹)과 주먹다짐이 있었던 사실이 드러나 곤욕을 치르기도 했다. 이후 둘은 화했지만 두 사람 모두에게 상처로 남았다.여기에 홍명보 감독과 정몽규 대한축구협회 회장을 향한 축구 팬들의 비난이 선수들에게까지 번졌다. 올 9월 팔레스타인전에서는 야유를 받기까지 했다. 대표팀 주장인 만큼 손흥민이 중심을 잘 잡아야 했지만, 설상가상으로 10월 A매치에서는 부상으로 아예 자리를 비울 수밖에 없었다.이런 상황에도 손흥민은 한국 축구의 새로운 역사를 썼다. 지난 19일 열린 팔레스타인전에서 동점 골을 넣으면서 A매치 51호 골을 기록한 것이다. 또 한국 남자축구 A매치 최다 득점 2위에 올랐다. 1위는 차범근 전 국가대표팀 감독의 58골이다.
",2024년 국가대표팀 일정을 마무리한 캡틴 손흥민이 내년 3월 A매치 때 팬들과의 재회를 약속했으며 영국 런던으로 돌아가 소속팀 일정을 소화할 예정이다.
서울신문,https://n.news.naver.com/mnews/article/081/0003497118?sid=104,손흥민 인종차별 당했는데…토트넘 “징계 수위 지나쳐” 벤탕쿠르 편 들었다,"




2022 카타르 월드컵 조별리그에서 만난 손흥민(왼쪽)과 로드리고 벤탕쿠르. EPA=연합뉴스 자료사진잉글랜드 프리미어리그(EPL) 토트넘 홋스퍼의 손흥민(31)에게 인종차별성 발언을 한 미드필더 로드리고 벤탕쿠르가 잉글랜드축구협회로부터 7경기 출전 정지와 벌금 10만파운드(약 1억 8000만원)의 징계를 받은 가운데 토트넘 구단이 협회에 이의를 제기했다.토트넘은 20일(현지시간) 구단 홈페이지를 통해 “벤탕쿠르의 징계 기간에 이의신청했다”고 밝혔다. 징계의 정당성은 수용하지만, 수위가 지나치게 높다는 것이 구단 입장이다.협회가 이의신청을 받아들일지 따져보는 동안 벤탕쿠르의 출전 정지 징계는 그대로 유지된다. 벤탕쿠르가 핵심선수로 활약해온 토트넘으로선 사실상 벤탕쿠르 없이 올해 경기일정을 소화해야 하는 상황이다.이번 인종차별 문제는 벤탕쿠르가 지난 6월 우루과이 방송 프로그램에 출연한 자리에서 불거졌다.당시 진행자가 ‘손흥민의 유니폼을 구해달라’고 요청했고, 이에 벤탕쿠르는 “손흥민 사촌 유니폼을 가져다줘도 모를 것이다. 손흥민이나 그의 사촌이나 똑같이 생겼다”라고 발언했다.특정 인종을 언급하며 “다 똑같이 생겼다”는 발언은 대표적인 인종차별 표현이다.논란이 일자 벤탕쿠르는 소셜미디어(SNS)를 통해 손흥민에게 공개 사과했고, 손흥민 역시 사과를 받아들인다고 밝혔다.그러나 축구계 인종차별 반대 운동을 벌여온 단체인 ‘킥잇아웃’이 이 사건과 관련한 여러 제보를 토트넘 구단과 당국에 전달하는 등 논란이 확산하면서 징계 절차가 시작됐다.
		","손흥민에게 인종차별 발언을 한 벤탕쿠르가 잉글랜드축구협회로부터 7경기 출전 정지와 벌금 10만파운드의 징계를 받은 가운데 토트넘 구단이 협회에 이의신청을 했다. 징계의 정당성은 수용하지만, 수위가 지나치게 높다는 것이 구단 입장이다. 논란이 일자 벤탕쿠르는 소셜미디어를 통해 공개 사과했고, 손흥민 역시 사과를 받아들인다고 밝혔다. 그러나 축구계 인종차별 반대 운동을 벌여온 단체인 ‘킥잇아웃’이 이 사건과 관련한 여러 제보를 토트넘 구단과 당국에 전달하는 등 논란이 확산하면서 징계 절차가 시작됐다."
한국경제,https://n.news.naver.com/mnews/article/015/0005059637?sid=104,"손흥민 인종차별 당했는데…토트넘, 벤탕쿠르 징계 '이의신청'","




로드리고 벤탕쿠르. /사진=REUTERS잉글랜드 프리미어리그(EPL) 토트넘 구단이 주장 손흥민에게 인종 차별성 발언을 했다는 이유로 미드필더 로드리고 벤탕쿠르를 징계한 잉글랜드축구협회(FA)에 이의를 제기했다.앞서 FA는 벤탕쿠르는 7경기 출전 정지와 벌금 10만파운드(약 1억8000만원) 수준의 징계를 받았는데, 징계의 정당성은 수용하나 처벌 수준이 너무 높다는 것이 구단의 입장이다.토트넘은 20일(현지시간) 구단 홈페이지를 통해 ""벤탕쿠르의 징계 기간에 대해 이의신청했다""며 이같이 밝혔다. 다만 FA가 이의신청을 받아들일지 따져보는 동안에도 벤탕쿠르의 출전 정지 징계는 그대로 유지된다고 구단은 밝혔다.올 시즌 리그 10경기 중 7차례 선발 출전한 벤탕쿠르는 안지 포스테코글루 감독이 중용하는 선수다. 2024―2025 EPL 11경기에서 5승 1무 5패를 거둔 토트넘은 11위로 떨어져 반등이 시급한 상태다. 징계대로라면 구단은 벤탕쿠르 없이 경기 일정이 빽빽한 연말의 박싱 데이 직전까지 버텨야 한다.우루과이 출신의 벤탕쿠르는 지난 6월 자국 방송 프로그램에 출연해 손흥민과 관련된 발언으로 논란을 일으켰다. 진행자로부터 '손흥민의 유니폼을 구해달라'는 요청을 받은 벤탕쿠르가 ""손흥민 사촌 유니폼을 가져다줘도 모를 것이다. 손흥민이나 그의 사촌이나 똑같이 생겼다""라고 말했기 때문이다.'동양인은 모두 똑같이 생겼다'는 인종차별적 인식이 드러난 발언에 팬들의 거센 비난이 이어지자 벤탕쿠르는 자신의 사회관게망서비스(SNS)를 통해 손흥민에게 사과의 글을 남겼다.손흥민이 벤탕쿠르의 사과를 받아들이는 내용의 글을 SNS에 게재하기도 했으나 축구계 인종차별 반대 운동을 벌여온 단체인 '킥잇아웃'이 이 사건과 관련한 여러 제보를 토트넘 구단과 당국에 전달하는 등 논란이 확산하면서 징계 절차가 시작됐다.
",잉글랜드 프리미어리그(EPL) 토트넘 구단이 주장 손흥민에게 인종 차별성 발언을 했다는 이유로 미드필더 로드리고 벤탕쿠르를 징계한 잉글랜드축구협회(FA)에 이의를 제기했는데 징계의 정당성은 수용하나 처벌 수준이 너무 높다는 것이 구단의 입장이다.
